Theta1,Theta2,Theta3,Theta4,Theta5,Theta6,Theta7,Theta8,Theta9,Theta10,Theta11,Theta12,Theta13,Theta14,Theta15,Theta16,Theta17,Theta18,Theta19,Theta20,Theta21,Theta22,Theta23,Theta24,Theta25,Theta26,Theta27,Theta28,Theta29,Theta30,Theta31,Theta32,Theta33,Theta34,Theta35,Theta36,Theta37,Theta38,Theta39,Theta40,Theta41,Theta42,Theta43,Theta44,Theta45,Theta46,Theta47,Theta48,Theta49,Theta50,Theta51,Theta52,Theta53,Theta54,Theta55,Theta56,Theta57,Theta58,Theta59,Theta60,Theta61,Theta62,Theta63,Theta64,Theta65,Theta66,Theta67,Theta68,Theta69,Theta70
43.0603,43.0523,43.0439,43.0352,43.0261,43.0166,43.0069,42.9970,42.9867,42.9763,42.9657,42.9549,42.9440,42.9331,42.9220,42.9109,42.8998,42.8887,42.8777,42.8667,42.8559,42.8452,42.8347,42.8243,42.8142,42.8044,42.7948,42.7855,42.7766,42.7680,42.7598,42.7519,42.7445,42.7376,42.7311,42.7251,42.7196,42.7146,42.7101,42.7061,42.7027,42.6999,42.6976,42.6959,42.6947,42.6942,42.6942,42.6948,42.6960,42.6977,42.7000,42.7029,42.7063,42.7103,42.7148,42.7199,42.7254,42.7314,42.7380,42.7449,42.7524,42.7602,42.7684,42.7770,42.7860,42.7953,42.8049,42.8148,42.8249,42.8352
23.9940,23.0146,22.0716,21.1769,20.3422,19.5784,18.8958,18.3036,17.8097,17.4211,17.1429,16.9790,16.9317,17.0016,17.1877,17.4875,17.8969,18.4102,19.0205,19.7195,20.4978,21.3449,22.2498,23.2008,24.1858,25.1930,26.2105,27.2267,28.2308,29.2126,30.1627,31.0726,31.9348,32.7426,33.4904,34.1732,34.7870,35.3285,35.7948,36.1839,36.4941,36.7240,36.8729,36.9402,36.9256,36.8293,36.6514,36.3928,36.0544,35.6376,35.1442,34.5767,33.9379,33.2314,32.4617,31.6338,30.7538,29.8287,28.8663,27.8754,26.8658,25.8479,24.8327,23.8320,22.8577,21.9218,21.0362,20.2123,19.4611,18.7927
-80.8025,-80.8012,-80.7999,-80.7986,-80.7972,-80.7959,-80.7945,-80.7932,-80.7918,-80.7903,-80.7889,-80.7875,-80.7860,-80.7846,-80.7831,-80.7816,-80.7801,-80.7786,-80.7771,-80.7756,-80.7741,-80.7725,-80.7710,-80.7694,-80.7679,-80.7663,-80.7647,-80.7631,-80.7616,-80.7600,-80.7584,-80.7568,-80.7552,-80.7536,-80.7520,-80.7504,-80.7488,-80.7471,-80.7455,-80.7439,-80.7423,-80.7407,-80.7391,-80.7375,-80.7359,-80.7343,-80.7327,-80.7311,-80.7295,-80.7279,-80.7264,-80.7248,-80.7232,-80.7217,-80.7201,-80.7186,-80.7171,-80.7155,-80.7140,-80.7125,-80.7110,-80.7095,-80.7081,-80.7066,-80.7052,-80.7037,-80.7023,-80.7009,-80.6995,-80.6981
29.5324,30.5581,31.6181,32.6966,33.7784,34.8493,35.8962,36.9073,37.8723,38.7820,39.6291,40.4069,41.1105,41.7356,42.2789,42.7380,43.1110,43.3964,43.5934,43.7013,43.7198,43.6488,43.4885,43.2396,42.9026,42.4789,41.9701,41.3784,40.7068,39.9591,39.1399,38.2552,37.3120,36.3188,35.2853,34.2228,33.1439,32.0622,30.9927,29.9509,28.9527,28.0142,27.1509,26.3777,25.7081,25.1540,24.7256,24.4306,24.2744,24.2600,24.3877,24.6549,25.0570,25.5864,26.2335,26.9869,27.8331,28.7576,29.7450,30.7793,31.8445,32.9249,34.0056,35.0725,36.1127,37.1149,38.0690,38.9661,39.7990,40.5616
77.5997,77.3364,77.0722,76.8108,76.5558,76.3114,76.0817,75.8710,75.6838,75.5239,75.3950,75.3002,75.2417,75.2210,75.2387,75.2942,75.3862,75.5124,75.6699,75.8551,76.0640,76.2923,76.5358,76.7901,77.0511,77.3152,77.5787,77.8387,78.0924,78.3375,78.5722,78.7949,79.0042,79.1993,79.3792,79.5434,79.6916,79.8233,79.9385,80.0369,80.1186,80.1834,80.2314,80.2625,80.2769,80.2744,80.2551,80.2189,80.1659,80.0961,80.0094,79.9060,79.7859,79.6493,79.4963,79.3274,79.1429,78.9436,78.7302,78.5038,78.2658,78.0179,77.7620,77.5007,77.2367,76.9732,76.7137,76.4622,76.2228,75.9998
24.0283,23.9269,23.6830,23.3016,22.7908,22.1619,21.4290,20.6094,19.7234,18.7937,17.8450,16.9034,15.9959,15.1487,14.3871,13.7341,13.2096,12.8296,12.6058,12.5452,12.6497,12.9160,13.3359,13.8964,14.5805,15.3672,16.2331,17.1523,18.0984,19.0445,19.9650,20.8354,21.6336,22.3404,22.9391,23.4163,23.7617,23.9680,24.0310,23.9493,23.7246,23.3616,22.8679,22.2544,21.5347,20.7259,19.8477,18.9225,17.9749,17.0308,16.1170,15.2600,14.4853,13.8162,13.2731,12.8725,12.6269,12.5438,12.6258,12.8703,13.2698,13.8121,14.4804,15.2544,16.1109,17.0244,17.9684,18.9161,19.8415,20.7201
52.3264,53.0658,53.7414,54.3530,54.9006,55.3846,55.8053,56.1633,56.4591,56.6933,56.8662,56.9783,57.0297,57.0206,56.9509,56.8205,56.6291,56.3764,56.0619,55.6850,55.2452,54.7421,54.1752,53.5443,52.8494,52.0908,51.2694,50.3867,49.4449,48.4469,47.3968,46.2999,45.1627,43.9931,42.8004,41.5953,40.3899,39.1975,38.0323,36.9094,35.8441,34.8517,33.9472,33.1447,32.4570,31.8952,31.4689,31.1850,31.0484,31.0614,31.2239,31.5330,31.9835,32.5679,33.2764,34.0977,35.0185,36.0246,37.1010,38.2324,39.4034,40.5991,41.8053,43.0091,44.1985,45.3631,46.4938,47.5830,48.6244,49.6129
77.5131,77.4447,77.3736,77.3001,77.2244,77.1468,77.0675,76.9868,76.9050,76.8223,76.7392,76.6559,76.5729,76.4903,76.4087,76.3284,76.2498,76.1733,76.0992,76.0280,75.9600,75.8956,75.8352,75.7791,75.7276,75.6811,75.6399,75.6042,75.5741,75.5500,75.5320,75.5201,75.5145,75.5152,75.5222,75.5355,75.5549,75.5803,75.6116,75.6486,75.6910,75.7386,75.7911,75.8482,75.9095,75.9747,76.0434,76.1153,76.1900,76.2670,76.3461,76.4267,76.5085,76.5912,76.6744,76.7576,76.8407,76.9231,77.0047,77.0852,77.1641,77.2413,77.3165,77.3895,77.4600,77.5279,77.5929,77.6549,77.7137,77.7692
-52.9331,-51.4069,-50.0116,-48.8067,-47.8482,-47.1839,-46.8486,-46.8604,-47.2186,-47.9039,-48.8806,-50.1002,-51.5061,-53.0391,-54.6419,-56.2632,-57.8597,-59.3973,-60.8509,-62.2034,-63.4446,-64.5693,-65.5764,-66.4673,-67.2450,-67.9135,-68.4769,-68.9395,-69.3049,-69.5763,-69.7562,-69.8463,-69.8475,-69.7597,-69.5821,-69.3130,-68.9501,-68.4901,-67.9293,-67.2636,-66.4887,-65.6008,-64.5967,-63.4750,-62.2368,-60.8870,-59.4359,-57.9002,-56.3048,-54.6836,-53.0797,-51.5442,-50.1343,-48.9092,-47.9256,-47.2322,-46.8653,-46.8445,-47.1710,-47.8272,-48.7787,-49.9780,-51.3690,-52.8927,-54.4913,-56.1129,-57.7133,-59.2575,-60.7197,-62.0821
81.2380,81.3893,81.5256,81.6471,81.7538,81.8459,81.9236,81.9870,82.0362,82.0713,82.0925,82.0996,82.0928,82.0720,82.0373,81.9884,81.9254,81.8481,81.7563,81.6499,81.5288,81.3929,81.2420,81.0762,80.8954,80.6999,80.4899,80.2658,80.0284,79.7785,79.5175,79.2468,78.9684,78.6846,78.3984,78.1130,77.8320,77.5596,77.3002,77.0585,76.8391,76.6467,76.4855,76.3594,76.2713,76.2237,76.2176,76.2532,76.3297,76.4450,76.5964,76.7801,76.9921,77.2279,77.4826,77.7516,78.0306,78.3151,78.6015,78.8862,79.1664,79.4396,79.7037,79.9569,80.1981,80.4261,80.6402,80.8400,81.0251,81.1953
-80.9887,-81.0325,-81.0810,-81.1327,-81.1859,-81.2389,-81.2901,-81.3380,-81.3813,-81.4189,-81.4496,-81.4728,-81.4879,-81.4944,-81.4922,-81.4814,-81.4623,-81.4353,-81.4010,-81.3605,-81.3147,-81.2650,-81.2127,-81.1594,-81.1068,-81.0564,-81.0101,-80.9692,-80.9353,-80.9095,-80.8928,-80.8859,-80.8888,-80.9016,-80.9238,-80.9545,-80.9927,-81.0370,-81.0859,-81.1378,-81.1911,-81.2439,-81.2949,-81.3424,-81.3852,-81.4222,-81.4522,-81.4746,-81.4889,-81.4946,-81.4916,-81.4799,-81.4600,-81.4322,-81.3973,-81.3562,-81.3100,-81.2600,-81.2075,-81.1543,-81.1018,-81.0517,-81.0058,-80.9656,-80.9324,-80.9075,-80.8917,-80.8857,-80.8896,-80.9034
-34.2223,-33.7589,-33.4673,-33.3544,-33.4227,-33.6708,-34.0927,-34.6787,-35.4153,-36.2860,-37.2720,-38.3526,-39.5063,-40.7114,-41.9469,-43.1929,-44.4313,-45.6459,-46.8226,-47.9499,-49.0181,-50.0197,-50.9489,-51.8016,-52.5746,-53.2661,-53.8751,-54.4008,-54.8433,-55.2026,-55.4789,-55.6725,-55.7838,-55.8127,-55.7595,-55.6239,-55.4058,-55.1050,-54.7212,-54.2541,-53.7037,-53.0703,-52.3545,-51.5577,-50.6821,-49.7309,-48.7090,-47.6224,-46.4794,-45.2901,-44.0670,-42.8246,-41.5797,-40.3510,-39.1589,-38.0246,-36.9697,-36.0157,-35.1828,-34.4891,-33.9504,-33.5790,-33.3836,-33.3689,-33.5351,-33.8784,-34.3907,-35.0602,-35.8717,-36.8073
63.0902,62.9297,62.7806,62.6435,62.5191,62.4079,62.3106,62.2276,62.1593,62.1061,62.0683,62.0460,62.0395,62.0486,62.0734,62.1137,62.1694,62.2401,62.3254,62.4250,62.5384,62.6649,62.8040,62.9550,63.1172,63.2898,63.4721,63.6633,63.8626,64.0691,64.2821,64.5007,64.7241,64.9515,65.1821,65.4153,65.6502,65.8861,66.1224,66.3585,66.5937,66.8274,67.0591,67.2884,67.5147,67.7376,67.9567,68.1717,68.3821,68.5878,68.7883,68.9835,69.1731,69.3570,69.5349,69.7067,69.8722,70.0313,70.1840,70.3301,70.4695,70.6022,70.7282,70.8473,70.9595,71.0649,71.1633,71.2548,71.3394,71.4170
-38.5906,-38.1216,-37.6419,-37.1523,-36.6534,-36.1457,-35.6302,-35.1075,-34.5784,-34.0440,-33.5050,-32.9625,-32.4174,-31.8709,-31.3240,-30.7779,-30.2338,-29.6928,-29.1561,-28.6250,-28.1008,-27.5847,-27.0779,-26.5818,-26.0976,-25.6266,-25.1699,-24.7288,-24.3044,-23.8979,-23.5104,-23.1429,-22.7965,-22.4720,-22.1704,-21.8925,-21.6391,-21.4108,-21.2083,-21.0323,-20.8830,-20.7611,-20.6667,-20.6003,-20.5618,-20.5516,-20.5695,-20.6156,-20.6897,-20.7916,-20.9211,-21.0777,-21.2610,-21.4706,-21.7058,-21.9659,-22.2504,-22.5583,-22.8889,-23.2412,-23.6142,-24.0070,-24.4185,-24.8476,-25.2931,-25.7538,-26.2285,-26.7161,-27.2152,-27.7247
7.1520,6.9615,6.6619,6.2576,5.7549,5.1614,4.4863,3.7405,2.9359,2.0857,1.2039,0.3052,-0.5954,-1.4827,-2.3421,-3.1592,-3.9206,-4.6140,-5.2283,-5.7539,-6.1825,-6.5077,-6.7245,-6.8296,-6.8216,-6.7005,-6.4681,-6.1280,-5.6852,-5.1465,-4.5204,-3.8166,-3.0466,-2.2226,-1.3584,-0.4683,0.4329,1.3302,2.2084,3.0529,3.8500,4.5865,5.2506,5.8318,6.3210,6.7108,6.9952,7.1700,7.2325,7.1819,7.0189,6.7459,6.3670,5.8879,5.3161,4.6602,3.9308,3.1396,2.2994,1.4241,0.5282,-0.3734,-1.2654,-2.1330,-2.9619,-3.7382,-4.4495,-5.0844,-5.6327,-6.0859
11.8514,11.9175,11.9797,12.0378,12.0914,12.1404,12.1846,12.2237,12.2576,12.2861,12.3092,12.3268,12.3386,12.3448,12.3453,12.3400,12.3290,12.3124,12.2902,12.2625,12.2295,12.1912,12.1478,12.0996,12.0467,11.9893,11.9278,11.8623,11.7931,11.7206,11.6450,11.5668,11.4861,11.4034,11.3191,11.2334,11.1468,11.0597,10.9724,10.8853,10.7988,10.7133,10.6291,10.5467,10.4663,10.3884,10.3133,10.2414,10.1728,10.1080,10.0473,9.9909,9.9390,9.8919,9.8499,9.8130,9.7815,9.7555,9.7351,9.7204,9.7115,9.7084,9.7111,9.7197,9.7340,9.7540,9.7797,9.8109,9.8474,9.8892
21.0645,21.0814,21.0984,21.1153,21.1323,21.1492,21.1661,21.1831,21.2000,21.2169,21.2338,21.2507,21.2676,21.2845,21.3014,21.3183,21.3351,21.3520,21.3688,21.3857,21.4025,21.4193,21.4362,21.4530,21.4698,21.4865,21.5033,21.5201,21.5368,21.5536,21.5703,21.5870,21.6037,21.6204,21.6371,21.6537,21.6704,21.6870,21.7036,21.7202,21.7368,21.7534,21.7700,21.7865,21.8031,21.8196,21.8361,21.8526,21.8690,21.8855,21.9019,21.9183,21.9347,21.9511,21.9674,21.9838,22.0001,22.0164,22.0327,22.0489,22.0652,22.0814,22.0976,22.1138,22.1299,22.1461,22.1622,22.1783,22.1943,22.2104
25.4316,24.4441,23.4574,22.4855,21.5430,20.6444,19.8039,19.0350,18.3503,17.7613,17.2777,16.9078,16.6578,16.5318,16.5322,16.6587,16.9094,17.2799,17.7641,18.3536,19.0388,19.8081,20.6489,21.5478,22.4905,23.4624,24.4492,25.4366,26.4112,27.3601,28.2718,29.1355,29.9419,30.6828,31.3511,31.9409,32.4473,32.8664,33.1950,33.4309,33.5724,33.6188,33.5696,33.4252,33.1865,32.8551,32.4334,31.9245,31.3323,30.6617,29.9187,29.1105,28.2452,27.3322,26.3824,25.4072,24.4196,23.4331,22.4618,21.5202,20.6229,19.7840,19.0170,18.3346,17.7480,17.2672,16.9001,16.6531,16.5303,16.5338
-16.7443,-16.6809,-16.7478,-16.9436,-17.2649,-17.7061,-18.2594,-18.9151,-19.6618,-20.4868,-21.3760,-22.3148,-23.2880,-24.2803,-25.2768,-26.2631,-27.2257,-28.1519,-29.0305,-29.8514,-30.6057,-31.2858,-31.8855,-32.3994,-32.8234,-33.1541,-33.3891,-33.5267,-33.5661,-33.5069,-33.3495,-33.0951,-32.7453,-32.3030,-31.7714,-31.1551,-30.4594,-29.6910,-28.8578,-27.9687,-27.0342,-26.0658,-25.0763,-24.0795,-23.0898,-22.1223,-21.1923,-20.3149,-19.5046,-18.7752,-18.1393,-17.6079,-17.1903,-16.8939,-16.7239,-16.6832,-16.7727,-16.9908,-17.3335,-17.7949,-18.3668,-19.0392,-19.8006,-20.6378,-21.5367,-22.4826,-23.4602,-24.4543,-25.4501,-26.4332
89.9372,89.9372,89.9372,89.9372,89.9372,89.9372,89.9372,89.9372,89.9372,89.9372,89.9372,89.9372,89.9372,89.9372,89.9372,89.9372,89.9372,89.9372,89.9372,89.9372,89.9372,89.9372,89.9372,89.9372,89.9372,89.9372,89.9372,89.9372,89.9372,89.9372,89.9372,89.9372,89.9371,89.9371,89.9371,89.9371,89.9371,89.9371,89.9371,89.9371,89.9371,89.9372,89.9372,89.9372,89.9372,89.9372,89.9372,89.9372,89.9372,89.9372,89.9372,89.9372,89.9372,89.9372,89.9372,89.9372,89.9372,89.9372,89.9372,89.9372,89.9372,89.9372,89.9372,89.9372,89.9372,89.9372,89.9372,89.9372,89.9372,89.9372
57.8542,57.8401,57.8237,57.8052,57.7846,57.7617,57.7367,57.7095,57.6801,57.6485,57.6147,57.5788,57.5407,57.5004,57.4580,57.4133,57.3665,57.3176,57.2664,57.2131,57.1576,57.1000,57.0402,56.9782,56.9141,56.8478,56.7794,56.7088,56.6361,56.5612,56.4842,56.4051,56.3238,56.2405,56.1550,56.0674,55.9777,55.8859,55.7920,55.6961,55.5981,55.4980,55.3959,55.2917,55.1855,55.0773,54.9671,54.8550,54.7408,54.6247,54.5067,54.3867,54.2649,54.1411,54.0155,53.8881,53.7588,53.6277,53.4949,53.3603,53.2240,53.0860,52.9464,52.8051,52.6622,52.5178,52.3718,52.2243,52.0754,51.9250
15.1275,16.0674,17.0163,17.9633,18.8975,19.8087,20.6873,21.5243,22.3117,23.0421,23.7092,24.3073,24.8318,25.2786,25.6445,25.9270,26.1242,26.2347,26.2579,26.1936,26.0421,25.8046,25.4826,25.0782,24.5944,24.0347,23.4035,22.7059,21.9478,21.1361,20.2785,19.3834,18.4601,17.5186,16.5693,15.6232,14.6916,13.7857,12.9167,12.0954,11.3322,10.6368,10.0180,9.4837,9.0406,8.6943,8.4493,8.3085,8.2738,8.3456,8.5230,8.8038,9.1843,9.6600,10.2246,10.8710,11.5911,12.3757,13.2148,14.0979,15.0141,15.9520,16.9005,17.8483,18.7846,19.6992,20.5822,21.4248,22.2186,22.9563
-41.6685,-40.3940,-39.1576,-38.0007,-36.9656,-36.0924,-35.4168,-34.9673,-34.7636,-34.8145,-35.1178,-35.6602,-36.4185,-37.3607,-38.4494,-39.6430,-40.8995,-42.1780,-43.4410,-44.6555,-45.7938,-46.8335,-47.7568,-48.5508,-49.2057,-49.7151,-50.0744,-50.2810,-50.3335,-50.2315,-49.9757,-49.5679,-49.0113,-48.3109,-47.4743,-46.5120,-45.4386,-44.2732,-43.0398,-41.7680,-40.4923,-39.2514,-38.0869,-37.0408,-36.1536,-35.4615,-34.9937,-34.7704,-34.8014,-35.0854,-35.6100,-36.3524,-37.2817,-38.3604,-39.5474,-40.8005,-42.0786,-43.3441,-44.5635,-45.7086,-46.7566,-47.6895,-48.4939,-49.1599,-49.6808,-50.0519,-50.2704,-50.3349,-50.2450,-50.0011
-72.2507,-72.3001,-72.2173,-72.0011,-71.6480,-71.1532,-70.5100,-69.7111,-68.7494,-67.6193,-66.3197,-64.8567,-63.2478,-61.5270,-59.7488,-57.9907,-56.3511,-54.9421,-53.8756,-53.2460,-53.1127,-53.4887,-54.3378,-55.5818,-57.1158,-58.8257,-60.6046,-62.3634,-64.0360,-65.5780,-66.9641,-68.1826,-69.2314,-70.1142,-70.8375,-71.4086,-71.8347,-72.1216,-72.2736,-72.2929,-72.1799,-71.9329,-71.5481,-71.0202,-70.3422,-69.5069,-68.5072,-67.3385,-66.0008,-64.5025,-62.8645,-61.1251,-59.3439,-57.6034,-56.0061,-54.6655,-53.6912,-53.1708,-53.1541,-53.6426,-54.5896,-55.9094,-57.4934,-59.2279,-61.0092,-62.7534,-64.3994,-65.9077,-67.2562,-68.4360
-65.3157,-65.2750,-65.2331,-65.1901,-65.1459,-65.1007,-65.0543,-65.0068,-64.9582,-64.9086,-64.8579,-64.8062,-64.7534,-64.6997,-64.6449,-64.5892,-64.5326,-64.4750,-64.4166,-64.3572,-64.2970,-64.2359,-64.1740,-64.1113,-64.0478,-63.9836,-63.9187,-63.8531,-63.7868,-63.7199,-63.6524,-63.5843,-63.5156,-63.4464,-63.3768,-63.3066,-63.2361,-63.1652,-63.0939,-63.0223,-62.9504,-62.8783,-62.8060,-62.7335,-62.6608,-62.5881,-62.5154,-62.4426,-62.3698,-62.2972,-62.2246,-62.1522,-62.0800,-62.0080,-61.9364,-61.8650,-61.7941,-61.7236,-61.6535,-61.5840,-61.5150,-61.4466,-61.3789,-61.3119,-61.2457,-61.1802,-61.1156,-61.0519,-60.9891,-60.9272
-73.6250,-73.8810,-74.1410,-74.4009,-74.6570,-74.9060,-75.1449,-75.3714,-75.5832,-75.7787,-75.9562,-76.1148,-76.2534,-76.3713,-76.4679,-76.5428,-76.5957,-76.6264,-76.6348,-76.6208,-76.5846,-76.5261,-76.4458,-76.3438,-76.2207,-76.0771,-75.9137,-75.7315,-75.5318,-75.3162,-75.0864,-74.8447,-74.5937,-74.3363,-74.0760,-73.8166,-73.5622,-73.3172,-73.0862,-72.8738,-72.6846,-72.5228,-72.3922,-72.2961,-72.2369,-72.2161,-72.2343,-72.2909,-72.3845,-72.5127,-72.6725,-72.8600,-73.0709,-73.3008,-73.5450,-73.7989,-74.0581,-74.3184,-74.5761,-74.8277,-75.0701,-75.3008,-75.5175,-75.7183,-75.9017,-76.0665,-76.2115,-76.3360,-76.4395,-76.5213
-20.8381,-20.5831,-20.2841,-19.9417,-19.5563,-19.1288,-18.6599,-18.1505,-17.6016,-17.0145,-16.3905,-15.7312,-15.0381,-14.3131,-13.5583,-12.7759,-11.9681,-11.1377,-10.2872,-9.4195,-8.5376,-7.6447,-6.7440,-5.8388,-4.9325,-4.0285,-3.1302,-2.2410,-1.3642,-0.5033,0.3387,1.1586,1.9534,2.7204,3.4568,4.1601,4.8281,5.4586,6.0495,6.5992,7.1059,7.5682,7.9849,8.3548,8.6770,8.9506,9.1749,9.3494,9.4736,9.5474,9.5704,9.5426,9.4642,9.3353,9.1561,8.9272,8.6491,8.3224,7.9481,7.5272,7.0606,6.5498,5.9963,5.4016,4.7676,4.0962,3.3896,2.6503,1.8806,1.0833
-68.3784,-68.5266,-68.6387,-68.7135,-68.7502,-68.7485,-68.7084,-68.6303,-68.5150,-68.3636,-68.1779,-67.9599,-67.7124,-67.4388,-67.1430,-66.8297,-66.5044,-66.1733,-65.8429,-65.5207,-65.2143,-64.9312,-64.6792,-64.4653,-64.2957,-64.1756,-64.1087,-64.0972,-64.1414,-64.2399,-64.3896,-64.5859,-64.8231,-65.0942,-65.3919,-65.7086,-66.0365,-66.3681,-66.6966,-67.0155,-67.3192,-67.6025,-67.8612,-68.0917,-68.2910,-68.4568,-68.5872,-68.6807,-68.7366,-68.7541,-68.7333,-68.6741,-68.5773,-68.4438,-68.2751,-68.0730,-67.8399,-67.5789,-67.2937,-66.9885,-66.6685,-66.3395,-66.0079,-65.6807,-65.3653,-65.0696,-64.8011,-64.5673,-64.3747,-64.2293
-7.8810,-7.8788,-7.8764,-7.8739,-7.8713,-7.8686,-7.8658,-7.8629,-7.8599,-7.8568,-7.8536,-7.8503,-7.8470,-7.8435,-7.8399,-7.8362,-7.8324,-7.8286,-7.8246,-7.8206,-7.8165,-7.8123,-7.8080,-7.8036,-7.7992,-7.7947,-7.7901,-7.7854,-7.7807,-7.7759,-7.7710,-7.7660,-7.7610,-7.7560,-7.7509,-7.7457,-7.7405,-7.7352,-7.7298,-7.7245,-7.7190,-7.7136,-7.7080,-7.7025,-7.6969,-7.6913,-7.6856,-7.6799,-7.6742,-7.6685,-7.6627,-7.6569,-7.6511,-7.6453,-7.6395,-7.6336,-7.6278,-7.6219,-7.6161,-7.6102,-7.6043,-7.5985,-7.5926,-7.5868,-7.5809,-7.5751,-7.5693,-7.5635,-7.5577,-7.5520
68.7705,68.8114,68.8693,68.9437,69.0341,69.1397,69.2599,69.3937,69.5401,69.6984,69.8672,70.0457,70.2328,70.4272,70.6279,70.8339,71.0440,71.2573,71.4728,71.6894,71.9064,72.1229,72.3381,72.5512,72.7617,72.9688,73.1721,73.3710,73.5651,73.7539,73.9371,74.1144,74.2855,74.4501,74.6081,74.7593,74.9034,75.0405,75.1703,75.2928,75.4080,75.5157,75.6159,75.7087,75.7939,75.8715,75.9417,76.0042,76.0592,76.1067,76.1466,76.1789,76.2037,76.2209,76.2307,76.2328,76.2274,76.2145,76.1940,76.1660,76.1305,76.0873,76.0367,75.9784,75.9126,75.8393,75.7584,75.6700,75.5740,75.4706
36.1081,35.9340,35.7813,35.6505,35.5420,35.4561,35.3931,35.3532,35.3365,35.3430,35.3728,35.4257,35.5016,35.6002,35.7213,35.8644,36.0292,36.2151,36.4216,36.6481,36.8938,37.1582,37.4403,37.7394,38.0547,38.3852,38.7301,39.0884,39.4591,39.8413,40.2340,40.6361,41.0468,41.4650,41.8897,42.3199,42.7547,43.1932,43.6345,44.0776,44.5216,44.9658,45.4094,45.8516,46.2916,46.7287,47.1624,47.5919,48.0167,48.4362,48.8500,49.2575,49.6583,50.0521,50.4383,50.8168,51.1871,51.5491,51.9024,52.2468,52.5821,52.9083,53.2250,53.5321,53.8297,54.1174,54.3954,54.6634,54.9215,55.1696
34.0591,34.0495,34.0400,34.0304,34.0209,34.0114,34.0019,33.9925,33.9830,33.9736,33.9642,33.9549,33.9456,33.9363,33.9271,33.9179,33.9088,33.8997,33.8907,33.8817,33.8727,33.8639,33.8551,33.8463,33.8376,33.8290,33.8205,33.8120,33.8036,33.7953,33.7870,33.7789,33.7708,33.7628,33.7549,33.7470,33.7393,33.7317,33.7241,33.7167,33.7093,33.7021,33.6949,33.6879,33.6810,33.6741,33.6674,33.6608,33.6543,33.6480,33.6417,33.6356,33.6296,33.6237,33.6179,33.6123,33.6068,33.6014,33.5961,33.5910,33.5860,33.5811,33.5764,33.5718,33.5674,33.5631,33.5589,33.5549,33.5510,33.5473
6.7469,6.3578,6.0239,5.7463,5.5260,5.3638,5.2602,5.2155,5.2300,5.3035,5.4358,5.6264,5.8748,6.1800,6.5410,6.9566,7.4251,7.9450,8.5144,9.1310,9.7925,10.4965,11.2401,12.0205,12.8345,13.6789,14.5503,15.4452,16.3600,17.2911,18.2349,19.1876,20.1457,21.1057,22.0641,23.0174,23.9627,24.8967,25.8168,26.7201,27.6043,28.4670,29.3063,30.1203,30.9072,31.6657,32.3945,33.0925,33.7587,34.3923,34.9927,35.5594,36.0918,36.5896,37.0527,37.4807,37.8736,38.2313,38.5537,38.8409,39.0927,39.3093,39.4906,39.6368,39.7477,39.8235,39.8642,39.8698,39.8402,39.7755
-2.6090,-3.4592,-4.3485,-5.2529,-6.1484,-7.0112,-7.8190,-8.5508,-9.1883,-9.7157,-10.1201,-10.3919,-10.5245,-10.5150,-10.3634,-10.0735,-9.6519,-9.1090,-8.4579,-7.7147,-6.8983,-6.0298,-5.1317,-4.2279,-3.3425,-2.4993,-1.7210,-1.0283,-0.4399,0.0288,0.3653,0.5608,0.6103,0.5124,0.2697,-0.1114,-0.6210,-1.2457,-1.9687,-2.7708,-3.6305,-4.5246,-5.4291,-6.3201,-7.1739,-7.9684,-8.6832,-9.3004,-9.8047,-10.1838,-10.4288,-10.5339,-10.4965,-10.3175,-10.0012,-9.5551,-8.9899,-8.3195,-7.5605,-6.7322,-5.8561,-4.9550,-4.0529,-3.1739,-2.3416,-1.5784,-0.9047,-0.3385,0.1052,0.4148
-46.8161,-46.8323,-47.2058,-47.9138,-48.9146,-50.1525,-51.5637,-53.0830,-54.6488,-56.2075,-57.7154,-59.1392,-60.4555,-61.6491,-62.7115,-63.6387,-64.4303,-65.0876,-65.6131,-66.0096,-66.2795,-66.4247,-66.4462,-66.3443,-66.1182,-65.7663,-65.2861,-64.6752,-63.9308,-63.0510,-62.0357,-60.8872,-59.6124,-58.2240,-56.7422,-55.1969,-53.6279,-52.0857,-50.6294,-49.3235,-48.2330,-47.4170,-46.9230,-46.7806,-46.9986,-47.5636,-48.4418,-49.5830,-50.9261,-52.4058,-53.9583,-55.5261,-57.0610,-58.5252,-59.8911,-61.1401,-62.2609,-63.2478,-64.0989,-64.8150,-65.3981,-65.8510,-66.1763,-66.3761,-66.4520,-66.4044,-66.2330,-65.9366,-65.5132,-64.9601
41.5290,42.0067,42.4586,42.8846,43.2845,43.6584,44.0062,44.3278,44.6233,44.8927,45.1361,45.3535,45.5450,45.7105,45.8503,45.9643,46.0525,46.1151,46.1520,46.1632,46.1488,46.1087,46.0429,45.9515,45.8343,45.6913,45.5225,45.3278,45.1072,44.8606,44.5879,44.2892,43.9643,43.6133,43.2361,42.8329,42.4037,41.9486,41.4677,40.9614,40.4297,39.8733,39.2923,38.6875,38.0593,37.4086,36.7362,36.0430,35.3301,34.5988,33.8504,33.0865,32.3086,31.5187,30.7186,29.9104,29.0964,28.2788,27.4602,26.6432,25.8303,25.0242,24.2279,23.4440,22.6754,21.9249,21.1953,20.4893,19.8097,19.1590
54.2264,52.8822,51.8235,51.1315,50.8631,51.0410,51.6502,52.6401,53.9334,55.4382,57.0607,58.7154,60.3321,61.8580,63.2571,64.5072,65.5972,66.5232,67.2859,67.8885,68.3350,68.6290,68.7735,68.7699,68.6182,68.3168,67.8629,67.2526,66.4820,65.5480,64.4501,63.1923,61.7866,60.2553,58.6353,56.9804,55.3616,53.8649,52.5843,51.6113,51.0221,50.8658,51.1557,51.8671,52.9417,54.2974,55.8406,57.4788,59.1299,60.7280,62.2246,63.5876,64.7980,65.8467,66.7312,67.4531,68.0159,68.4235,68.6796,68.7866,68.7456,68.5563,68.2167,67.7236,67.0731,66.2615,65.2860,64.1471,62.8505,61.4103
52.0750,53.4608,55.0126,56.6638,58.3535,60.0301,61.6531,63.1931,64.6304,65.9538,67.1581,68.2430,69.2111,70.0670,70.8162,71.4645,72.0179,72.4816,72.8605,73.1585,73.3791,73.5246,73.5969,73.5966,73.5238,73.3777,73.1565,72.8578,72.4784,72.0140,71.4599,70.8108,70.0608,69.2041,68.2351,67.1493,65.9440,64.6198,63.1816,61.6409,60.0173,58.3405,56.6509,55.0002,53.4494,52.0652,50.9148,50.0595,49.5478,49.4102,49.6547,50.2669,51.2107,52.4333,53.8713,55.4567,57.1241,58.8149,60.4804,62.0832,63.5967,65.0037,66.2948,67.4664,68.5190,69.4559,70.2821,71.0031,71.6250,72.1533
-17.0879,-17.7652,-18.4997,-19.2868,-20.1215,-20.9985,-21.9123,-22.8573,-23.8277,-24.8177,-25.8216,-26.8337,-27.8486,-28.8610,-29.8659,-30.8586,-31.8348,-32.7904,-33.7219,-34.6260,-35.4997,-36.3407,-37.1467,-37.9158,-38.6466,-39.3376,-39.9879,-40.5967,-41.1633,-41.6872,-42.1680,-42.6057,-42.9999,-43.3507,-43.6580,-43.9218,-44.1422,-44.3192,-44.4529,-44.5433,-44.5905,-44.5944,-44.5551,-44.4725,-44.3467,-44.1775,-43.9650,-43.7090,-43.4096,-43.0667,-42.6804,-42.2506,-41.7776,-41.2614,-40.7026,-40.1014,-39.4586,-38.7748,-38.0512,-37.2889,-36.4895,-35.6547,-34.7867,-33.8880,-32.9612,-32.0097,-31.0370,-30.0470,-29.0439,-28.0325
56.5623,56.5619,56.5615,56.5610,56.5606,56.5602,56.5597,56.5593,56.5589,56.5584,56.5580,56.5576,56.5571,56.5567,56.5562,56.5558,56.5554,56.5549,56.5545,56.5540,56.5536,56.5532,56.5527,56.5523,56.5518,56.5514,56.5509,56.5505,56.5500,56.5496,56.5491,56.5487,56.5483,56.5478,56.5474,56.5469,56.5465,56.5460,56.5455,56.5451,56.5446,56.5442,56.5437,56.5433,56.5428,56.5424,56.5419,56.5415,56.5410,56.5405,56.5401,56.5396,56.5392,56.5387,56.5382,56.5378,56.5373,56.5369,56.5364,56.5359,56.5355,56.5350,56.5345,56.5341,56.5336,56.5332,56.5327,56.5322,56.5318,56.5313
6.1425,5.9539,5.7662,5.5796,5.3942,5.2103,5.0281,4.8477,4.6693,4.4932,4.3196,4.1485,3.9802,3.8149,3.6528,3.4940,3.3387,3.1871,3.0393,2.8955,2.7558,2.6204,2.4894,2.3630,2.2413,2.1245,2.0126,1.9058,1.8042,1.7078,1.6169,1.5315,1.4516,1.3775,1.3090,1.2464,1.1897,1.1389,1.0942,1.0554,1.0228,0.9963,0.9759,0.9617,0.9536,0.9518,0.9562,0.9667,0.9834,1.0063,1.0354,1.0705,1.1117,1.1589,1.2121,1.2712,1.3362,1.4070,1.4835,1.5656,1.6533,1.7464,1.8449,1.9487,2.0576,2.1715,2.2903,2.4140,2.5422,2.6750
-15.3215,-15.0066,-14.6863,-14.3609,-14.0307,-13.6962,-13.3578,-13.0159,-12.6708,-12.3230,-11.9730,-11.6212,-11.2680,-10.9139,-10.5593,-10.2048,-9.8507,-9.4975,-9.1458,-8.7959,-8.4484,-8.1036,-7.7622,-7.4244,-7.0909,-6.7620,-6.4381,-6.1198,-5.8074,-5.5014,-5.2021,-4.9101,-4.6256,-4.3491,-4.0808,-3.8213,-3.5708,-3.3296,-3.0982,-2.8766,-2.6654,-2.4647,-2.2748,-2.0959,-1.9283,-1.7722,-1.6278,-1.4952,-1.3747,-1.2664,-1.1704,-1.0869,-1.0159,-0.9575,-0.9119,-0.8790,-0.8589,-0.8517,-0.8573,-0.8757,-0.9070,-0.9510,-1.0078,-1.0772,-1.1592,-1.2536,-1.3604,-1.4793,-1.6104,-1.7533
9.7741,9.7629,9.7516,9.7403,9.7289,9.7176,9.7062,9.6949,9.6835,9.6721,9.6607,9.6492,9.6378,9.6263,9.6149,9.6034,9.5919,9.5804,9.5689,9.5574,9.5458,9.5343,9.5227,9.5112,9.4996,9.4880,9.4764,9.4648,9.4532,9.4416,9.4300,9.4184,9.4067,9.3951,9.3835,9.3718,9.3602,9.3486,9.3369,9.3253,9.3136,9.3019,9.2903,9.2786,9.2670,9.2553,9.2437,9.2320,9.2204,9.2087,9.1971,9.1854,9.1738,9.1622,9.1505,9.1389,9.1273,9.1157,9.1040,9.0924,9.0808,9.0693,9.0577,9.0461,9.0345,9.0230,9.0114,8.9999,8.9884,8.9768
-88.4337,-88.4456,-88.4583,-88.4714,-88.4847,-88.4978,-88.5106,-88.5228,-88.5342,-88.5446,-88.5538,-88.5618,-88.5683,-88.5734,-88.5769,-88.5789,-88.5791,-88.5778,-88.5749,-88.5703,-88.5643,-88.5568,-88.5480,-88.5380,-88.5270,-88.5150,-88.5024,-88.4894,-88.4761,-88.4630,-88.4501,-88.4379,-88.4265,-88.4163,-88.4075,-88.4004,-88.3951,-88.3917,-88.3904,-88.3912,-88.3941,-88.3989,-88.4056,-88.4140,-88.4239,-88.4350,-88.4470,-88.4598,-88.4729,-88.4862,-88.4993,-88.5120,-88.5241,-88.5354,-88.5457,-88.5548,-88.5626,-88.5690,-88.5739,-88.5772,-88.5790,-88.5791,-88.5776,-88.5744,-88.5697,-88.5635,-88.5559,-88.5469,-88.5368,-88.5256
13.7089,13.6926,13.6764,13.6603,13.6441,13.6281,13.6120,13.5960,13.5801,13.5642,13.5483,13.5325,13.5168,13.5010,13.4854,13.4697,13.4542,13.4386,13.4231,13.4077,13.3923,13.3770,13.3617,13.3464,13.3313,13.3161,13.3010,13.2860,13.2710,13.2561,13.2412,13.2264,13.2116,13.1969,13.1822,13.1676,13.1530,13.1385,13.1240,13.1096,13.0953,13.0810,13.0668,13.0526,13.0385,13.0244,13.0104,12.9965,12.9826,12.9688,12.9550,12.9413,12.9277,12.9141,12.9005,12.8871,12.8737,12.8603,12.8470,12.8338,12.8207,12.8076,12.7945,12.7816,12.7686,12.7558,12.7430,12.7303,12.7177,12.7051
-38.3485,-37.6803,-37.2385,-37.0440,-37.1061,-37.4220,-37.9765,-38.7434,-39.6880,-40.7694,-41.9436,-43.1666,-44.3965,-45.5959,-46.7323,-47.7793,-48.7156,-49.5254,-50.1969,-50.7219,-51.0949,-51.3124,-51.3726,-51.2750,-51.0204,-50.6110,-50.0507,-49.3456,-48.5046,-47.5404,-46.4701,-45.3161,-44.1064,-42.8745,-41.6592,-40.5029,-39.4501,-38.5441,-37.8247,-37.3248,-37.0681,-37.0670,-37.3215,-37.8193,-38.5369,-39.4414,-40.4931,-41.6486,-42.8636,-44.0955,-45.3056,-46.4602,-47.5313,-48.4965,-49.3387,-50.0451,-50.6067,-51.0175,-51.2734,-51.3724,-51.3136,-51.0975,-50.7259,-50.2022,-49.5320,-48.7234,-47.7881,-46.7420,-45.6063,-44.4073
32.7681,33.8525,34.9685,36.1021,37.2400,38.3699,39.4805,40.5617,41.6048,42.6021,43.5473,44.4352,45.2615,46.0229,46.7169,47.3417,47.8959,48.3786,48.7892,49.1274,49.3929,49.5856,49.7057,49.7529,49.7274,49.6292,49.4581,49.2144,48.8979,48.5089,48.0478,47.5149,46.9110,46.2375,45.4960,44.6888,43.8190,42.8904,41.9081,40.8779,39.8072,38.7044,37.5791,36.4424,35.3061,34.1835,33.0882,32.0344,31.0366,30.1089,29.2652,28.5180,27.8790,27.3582,26.9640,26.7026,26.5783,26.5930,26.7466,27.0365,27.4582,28.0047,28.6675,29.4361,30.2988,31.2424,32.2533,33.3171,34.4193,35.5460
-9.3590,-9.8328,-10.4418,-11.1670,-11.9855,-12.8719,-13.7989,-14.7386,-15.6631,-16.5459,-17.3623,-18.0903,-18.7108,-19.2082,-19.5703,-19.7882,-19.8570,-19.7750,-19.5441,-19.1698,-18.6611,-18.0304,-17.2939,-16.4707,-15.5832,-14.6563,-13.7166,-12.7921,-11.9105,-11.0992,-10.3834,-9.7855,-9.3244,-9.0147,-8.8662,-8.8836,-9.0663,-9.4086,-9.8996,-10.5238,-11.2616,-12.0897,-12.9825,-13.9125,-14.8518,-15.7727,-16.6487,-17.4555,-18.1715,-18.7779,-19.2594,-19.6044,-19.8045,-19.8551,-19.7549,-19.5063,-19.1152,-18.5910,-17.9466,-17.1985,-16.3663,-15.4726,-14.5427,-13.6034,-12.6825,-11.8081,-11.0071,-10.3044,-9.7221,-9.2786
77.5149,77.6195,77.7138,77.7980,77.8719,77.9359,77.9899,78.0341,78.0684,78.0929,78.1077,78.1127,78.1081,78.0937,78.0696,78.0357,77.9920,77.9384,77.8748,77.8013,77.7176,77.6237,77.5195,77.4048,77.2796,77.1438,76.9972,76.8398,76.6714,76.4919,76.3014,76.0997,75.8868,75.6629,75.4280,75.1821,74.9255,74.6585,74.3815,74.0947,73.7989,73.4947,73.1829,72.8644,72.5403,72.2118,71.8803,71.5475,71.2150,70.8848,70.5588,70.2394,69.9287,69.6292,69.3433,69.0736,68.8226,68.5926,68.3860,68.2050,68.0515,67.9272,67.8335,67.7716,67.7421,67.7454,67.7815,67.8499,67.9498,68.0802
-35.3331,-35.3306,-35.3271,-35.3225,-35.3168,-35.3099,-35.3020,-35.2930,-35.2829,-35.2717,-35.2594,-35.2461,-35.2316,-35.2160,-35.1994,-35.1816,-35.1628,-35.1429,-35.1219,-35.0998,-35.0767,-35.0525,-35.0271,-35.0008,-34.9733,-34.9448,-34.9152,-34.8845,-34.8528,-34.8200,-34.7861,-34.7512,-34.7152,-34.6782,-34.6401,-34.6010,-34.5608,-34.5196,-34.4773,-34.4341,-34.3897,-34.3444,-34.2980,-34.2506,-34.2022,-34.1528,-34.1024,-34.0510,-33.9985,-33.9451,-33.8907,-33.8353,-33.7789,-33.7215,-33.6631,-33.6038,-33.5436,-33.4823,-33.4201,-33.3570,-33.2929,-33.2279,-33.1620,-33.0951,-33.0273,-32.9586,-32.8891,-32.8186,-32.7472,-32.6749
-1.6801,-1.9771,-2.2757,-2.5753,-2.8753,-3.1750,-3.4738,-3.7709,-4.0659,-4.3579,-4.6465,-4.9310,-5.2108,-5.4853,-5.7539,-6.0160,-6.2712,-6.5188,-6.7584,-6.9895,-7.2116,-7.4242,-7.6270,-7.8195,-8.0013,-8.1721,-8.3316,-8.4793,-8.6152,-8.7388,-8.8499,-8.9484,-9.0340,-9.1065,-9.1659,-9.2121,-9.2449,-9.2642,-9.2701,-9.2625,-9.2415,-9.2070,-9.1592,-9.0981,-9.0239,-8.9366,-8.8366,-8.7239,-8.5987,-8.4614,-8.3121,-8.1512,-7.9790,-7.7958,-7.6020,-7.3980,-7.1841,-6.9609,-6.7287,-6.4880,-6.2394,-5.9833,-5.7204,-5.4510,-5.1758,-4.8954,-4.6104,-4.3213,-4.0288,-3.7336
4.8567,4.8251,4.7941,4.7638,4.7340,4.7049,4.6764,4.6486,4.6213,4.5947,4.5687,4.5434,4.5186,4.4945,4.4711,4.4483,4.4261,4.4046,4.3837,4.3635,4.3439,4.3249,4.3066,4.2890,4.2720,4.2557,4.2400,4.2250,4.2106,4.1969,4.1839,4.1715,4.1598,4.1487,4.1384,4.1286,4.1196,4.1112,4.1035,4.0964,4.0901,4.0843,4.0793,4.0749,4.0712,4.0682,4.0659,4.0642,4.0632,4.0628,4.0631,4.0642,4.0658,4.0682,4.0712,4.0749,4.0792,4.0843,4.0900,4.0963,4.1034,4.1111,4.1194,4.1285,4.1382,4.1486,4.1596,4.1713,4.1837,4.1967
-56.3131,-56.0872,-55.8704,-55.6668,-55.4802,-55.3143,-55.1725,-55.0576,-54.9721,-54.9178,-54.8958,-54.9067,-54.9501,-55.0251,-55.1302,-55.2632,-55.4213,-55.6012,-55.7995,-56.0123,-56.2355,-56.4653,-56.6974,-56.9280,-57.1534,-57.3699,-57.5743,-57.7635,-57.9350,-58.0864,-58.2157,-58.3212,-58.4016,-58.4559,-58.4834,-58.4838,-58.4572,-58.4037,-58.3242,-58.2195,-58.0910,-57.9403,-57.7694,-57.5806,-57.3767,-57.1605,-56.9354,-56.7049,-56.4727,-56.2429,-56.0193,-55.8061,-55.6073,-55.4267,-55.2679,-55.1341,-55.0281,-54.9520,-54.9076,-54.8957,-54.9166,-54.9699,-55.0544,-55.1683,-55.3093,-55.4745,-55.6604,-55.8636,-56.0800,-56.3057
-77.2494,-76.7589,-76.2349,-75.6800,-75.0985,-74.4963,-73.8813,-73.2635,-72.6551,-72.0702,-71.5247,-71.0354,-70.6189,-70.2906,-70.0638,-69.9479,-69.9479,-70.0637,-70.2905,-70.6186,-71.0351,-71.5244,-72.0699,-72.6547,-73.2631,-73.8809,-74.4959,-75.0981,-75.6796,-76.2345,-76.7586,-77.2491,-77.7045,-78.1240,-78.5077,-78.8560,-79.1696,-79.4496,-79.6970,-79.9129,-80.0984,-80.2544,-80.3818,-80.4814,-80.5537,-80.5992,-80.6182,-80.6107,-80.5768,-80.5163,-80.4287,-80.3135,-80.1700,-79.9975,-79.7950,-79.5615,-79.2959,-78.9971,-78.6640,-78.2959,-77.8920,-77.4523,-76.9770,-76.4673,-75.9254,-75.3549,-74.7609,-74.1503,-73.5324,-72.9182
40.7742,40.7757,40.7773,40.7789,40.7805,40.7822,40.7838,40.7856,40.7873,40.7891,40.7909,40.7927,40.7945,40.7964,40.7983,40.8002,40.8021,40.8041,40.8061,40.8081,40.8102,40.8123,40.8144,40.8165,40.8186,40.8208,40.8230,40.8252,40.8275,40.8297,40.8320,40.8343,40.8366,40.8390,40.8414,40.8438,40.8462,40.8486,40.8511,40.8536,40.8561,40.8586,40.8611,40.8637,40.8663,40.8689,40.8715,40.8741,40.8768,40.8794,40.8821,40.8848,40.8875,40.8903,40.8930,40.8958,40.8986,40.9014,40.9042,40.9071,40.9099,40.9128,40.9157,40.9186,40.9215,40.9244,40.9273,40.9303,40.9333,40.9362
81.1306,81.2596,81.3825,81.4984,81.6064,81.7058,81.7960,81.8764,81.9468,82.0067,82.0559,82.0943,82.1216,82.1379,82.1431,82.1371,82.1200,82.0918,82.0526,82.0025,81.9418,81.8707,81.7895,81.6986,81.5986,81.4899,81.3735,81.2501,81.1207,80.9866,80.8492,80.7099,80.5706,80.4330,80.2991,80.1712,80.0512,79.9414,79.8438,79.7603,79.6927,79.6425,79.6107,79.5980,79.6047,79.6307,79.6754,79.7378,79.8166,79.9100,80.0163,80.1334,80.2592,80.3914,80.5281,80.6671,80.8066,80.9448,81.0800,81.2110,81.3363,81.4550,81.5661,81.6689,81.7627,81.8469,81.9211,81.9850,82.0384,82.0809
59.4696,58.2755,57.0195,55.7076,54.3484,52.9530,51.5355,50.1128,48.7045,47.3328,46.0217,44.7962,43.6815,42.7021,41.8804,41.2361,40.7850,40.5384,40.5024,40.6780,41.0607,41.6410,42.4045,43.3328,44.4042,45.5949,46.8799,48.2338,49.6322,51.0523,52.4736,53.8783,55.2512,56.5802,57.8560,59.0716,60.2223,61.3053,62.3192,63.2637,64.1398,64.9488,65.6926,66.3735,66.9937,67.5557,68.0619,68.5146,68.9159,69.2678,69.5722,69.8306,70.0444,70.2148,70.3428,70.4289,70.4738,70.4776,70.4404,70.3620,70.2419,70.0794,69.8738,69.6238,69.3281,68.9852,68.5932,68.1503,67.6542,67.1028
51.0775,51.0781,51.0808,51.0857,51.0927,51.1018,51.1130,51.1264,51.1418,51.1594,51.1790,51.2007,51.2245,51.2502,51.2780,51.3078,51.3395,51.3732,51.4088,51.4462,51.4856,51.5268,51.5697,51.6145,51.6610,51.7091,51.7590,51.8105,51.8636,51.9182,51.9744,52.0320,52.0911,52.1516,52.2134,52.2766,52.3410,52.4067,52.4735,52.5415,52.6106,52.6807,52.7518,52.8239,52.8969,52.9707,53.0454,53.1209,53.1970,53.2739,53.3514,53.4294,53.5081,53.5871,53.6667,53.7466,53.8269,53.9075,53.9884,54.0695,54.1508,54.2322,54.3137,54.3952,54.4767,54.5582,54.6396,54.7209,54.8020,54.8829
-57.7845,-57.6456,-57.5498,-57.4991,-57.4946,-57.5364,-57.6237,-57.7544,-57.9257,-58.1339,-58.3747,-58.6430,-58.9337,-59.2414,-59.5604,-59.8853,-60.2109,-60.5321,-60.8445,-61.1436,-61.4259,-61.6877,-61.9263,-62.1391,-62.3239,-62.4790,-62.6030,-62.6949,-62.7537,-62.7791,-62.7708,-62.7290,-62.6539,-62.5461,-62.4067,-62.2368,-62.0380,-61.8123,-61.5619,-61.2897,-60.9987,-60.6925,-60.3753,-60.0513,-59.7254,-59.4027,-59.0886,-58.7886,-58.5082,-58.2527,-58.0274,-57.8368,-57.6850,-57.5753,-57.5101,-57.4910,-57.5182,-57.5913,-57.7086,-57.8674,-58.0644,-58.2954,-58.5556,-58.8398,-59.1427,-59.4587,-59.7823,-60.1083,-60.4314,-60.7470
28.7728,29.0862,29.2472,29.2523,29.1013,28.7975,28.3478,27.7623,27.0552,26.2443,25.3509,24.4002,23.4201,22.4410,21.4944,20.6121,19.8244,19.1593,18.6406,18.2873,18.1123,18.1222,18.3164,18.6880,19.2231,19.9024,20.7015,21.5921,22.5437,23.5244,24.5028,25.4487,26.3344,27.1354,27.8304,28.4020,28.8368,29.1246,29.2591,29.2375,29.0601,28.7309,28.2572,27.6499,26.9237,26.0971,25.1921,24.2343,23.2522,22.2764,21.3385,20.4702,19.7016,19.0599,18.5682,18.2446,18.1008,18.1424,18.3676,18.7681,19.3294,20.0310,20.8477,21.7510,22.7098,23.6923,24.6672,25.6047,26.4777,27.2619
20.2358,20.4889,20.7400,20.9870,21.2276,21.4600,21.6820,21.8919,22.0879,22.2685,22.4321,22.5774,22.7033,22.8088,22.8931,22.9555,22.9955,23.0128,23.0073,22.9790,22.9281,22.8551,22.7604,22.6449,22.5095,22.3551,22.1832,21.9950,21.7920,21.5760,21.3488,21.1121,20.8682,20.6189,20.3666,20.1133,19.8614,19.6131,19.3705,19.1360,18.9116,18.6994,18.5014,18.3194,18.1551,18.0101,17.8858,17.7833,17.7036,17.6474,17.6154,17.6077,17.6246,17.6657,17.7308,17.8192,17.9300,18.0623,18.2147,18.3858,18.5740,18.7776,18.9946,19.2231,19.4609,19.7059,19.9558,20.2085,20.4617,20.7131
-24.0359,-23.1258,-22.1898,-21.2365,-20.2750,-19.3150,-18.3664,-17.4393,-16.5439,-15.6901,-14.8876,-14.1456,-13.4725,-12.8761,-12.3634,-11.9402,-11.6115,-11.3810,-11.2514,-11.2241,-11.2995,-11.4768,-11.7538,-12.1274,-12.5933,-13.1461,-13.7794,-14.4859,-15.2574,-16.0851,-16.9597,-17.8712,-18.8096,-19.7648,-20.7268,-21.6856,-22.6319,-23.5568,-24.4519,-25.3095,-26.1228,-26.8855,-27.5922,-28.2380,-28.8189,-29.3314,-29.7726,-30.1403,-30.4326,-30.6480,-30.7855,-30.8446,-30.8250,-30.7268,-30.5503,-30.2965,-29.9664,-29.5618,-29.0848,-28.5378,-27.9241,-27.2474,-26.5122,-25.7236,-24.8873,-24.0101,-23.0992,-22.1626,-21.2089,-20.2473
50.2648,50.1603,49.8884,49.4523,48.8571,48.1112,47.2263,46.2188,45.1105,43.9293,42.7090,41.4896,40.3154,39.2335,38.2908,37.5309,36.9906,36.6970,36.6652,36.8967,37.3797,38.0899,38.9924,40.0450,41.2014,42.4142,43.6381,44.8320,45.9606,46.9945,47.9106,48.6912,49.3235,49.7984,50.1101,50.2550,50.2317,50.0403,49.6830,49.1637,48.4893,47.6697,46.7190,45.6563,44.5064,43.3004,42.0752,40.8734,39.7410,38.7254,37.8722,37.2219,36.8066,36.6474,36.7525,37.1165,37.7208,38.5354,39.5212,40.6334,41.8248,43.0488,44.2620,45.4261,46.5090,47.4845,48.3323,49.0375,49.5893,49.9803
-41.8010,-40.7937,-39.7333,-38.6342,-37.5127,-36.3872,-35.2780,-34.2062,-33.1941,-32.2635,-31.4355,-30.7297,-30.1632,-29.7498,-29.5001,-29.4202,-29.5124,-29.7742,-30.1989,-30.7760,-31.4912,-32.3272,-33.2644,-34.2815,-35.3567,-36.4678,-37.5937,-38.7142,-39.8110,-40.8680,-41.8710,-42.8081,-43.6695,-44.4473,-45.1352,-45.7285,-46.2235,-46.6178,-46.9094,-47.0971,-47.1803,-47.1586,-47.0322,-46.8014,-46.4672,-46.0310,-45.4950,-44.8621,-44.1364,-43.3232,-42.4294,-41.4638,-40.4369,-39.3616,-38.2529,-37.1279,-36.0056,-34.9067,-33.8528,-32.8661,-31.9682,-31.1799,-30.5199,-30.0042,-29.6457,-29.4535,-29.4324,-29.5829,-29.9013,-30.3795
-49.5217,-49.5450,-49.5130,-49.4258,-49.2834,-49.0855,-48.8322,-48.5233,-48.1588,-47.7386,-47.2628,-46.7316,-46.1454,-45.5046,-44.8103,-44.0634,-43.2657,-42.4192,-41.5264,-40.5905,-39.6153,-38.6054,-37.5661,-36.5032,-35.4237,-34.3349,-33.2450,-32.1628,-31.0975,-30.0585,-29.0556,-28.0986,-27.1971,-26.3603,-25.5969,-24.9153,-24.3226,-23.8253,-23.4288,-23.1376,-22.9548,-22.8823,-22.9211,-23.0706,-23.3293,-23.6943,-24.1615,-24.7259,-25.3814,-26.1208,-26.9362,-27.8191,-28.7603,-29.7503,-30.7794,-31.8378,-32.9158,-34.0043,-35.0943,-36.1775,-37.2462,-38.2933,-39.3127,-40.2989,-41.2472,-42.1534,-43.0142,-43.8270,-44.5894,-45.2998
70.5770,70.5770,70.5771,70.5771,70.5771,70.5772,70.5772,70.5772,70.5773,70.5773,70.5773,70.5774,70.5774,70.5775,70.5775,70.5775,70.5776,70.5776,70.5776,70.5777,70.5777,70.5778,70.5778,70.5778,70.5779,70.5779,70.5780,70.5780,70.5780,70.5781,70.5781,70.5782,70.5782,70.5783,70.5783,70.5783,70.5784,70.5784,70.5785,70.5785,70.5786,70.5786,70.5787,70.5787,70.5788,70.5788,70.5789,70.5789,70.5790,70.5790,70.5791,70.5791,70.5792,70.5792,70.5793,70.5793,70.5794,70.5794,70.5795,70.5795,70.5796,70.5797,70.5797,70.5798,70.5798,70.5799,70.5799,70.5800,70.5801,70.5801
58.2306,57.5614,56.8445,56.0794,55.2658,54.4039,53.4942,52.5376,51.5358,50.4908,49.4058,48.2845,47.1318,45.9533,44.7558,43.5470,42.3356,41.1314,39.9447,38.7865,37.6684,36.6021,35.5993,34.6714,33.8293,33.0831,32.4421,31.9141,31.5058,31.2224,31.0674,31.0430,31.1493,31.3850,31.7471,32.2310,32.8306,33.5385,34.3459,35.2429,36.2190,37.2629,38.3630,39.5076,40.6849,41.8839,43.0937,44.3046,45.5073,46.6937,47.8568,48.9905,50.0895,51.1498,52.1681,53.1419,54.0693,54.9491,55.7808,56.5640,57.2989,57.9859,58.6256,59.2187,59.7662,60.2690,60.7280,61.1443,61.5187,61.8523
-35.0843,-34.5929,-34.0518,-33.4622,-32.8253,-32.1429,-31.4167,-30.6491,-29.8425,-28.9998,-28.1245,-27.2202,-26.2910,-25.3414,-24.3763,-23.4009,-22.4208,-21.4418,-20.4699,-19.5112,-18.5721,-17.6588,-16.7775,-15.9341,-15.1346,-14.3845,-13.6891,-13.0530,-12.4809,-11.9766,-11.5436,-11.1848,-10.9028,-10.6993,-10.5758,-10.5331,-10.5715,-10.6907,-10.8899,-11.1678,-11.5225,-11.9516,-12.4522,-13.0208,-13.6535,-14.3460,-15.0933,-15.8903,-16.7314,-17.6109,-18.5226,-19.4605,-20.4183,-21.3896,-22.3684,-23.3486,-24.3244,-25.2901,-26.2407,-27.1711,-28.0769,-28.9539,-29.7983,-30.6069,-31.3767,-32.1052,-32.7900,-33.4293,-34.0215,-34.5652
-45.6752,-45.3422,-44.9644,-44.5417,-44.0742,-43.5620,-43.0053,-42.4046,-41.7602,-41.0731,-40.3440,-39.5742,-38.7652,-37.9187,-37.0371,-36.1228,-35.1787,-34.2084,-33.2156,-32.2046,-31.1801,-30.1472,-29.1114,-28.0784,-27.0544,-26.0456,-25.0585,-24.0995,-23.1750,-22.2915,-21.4551,-20.6717,-19.9469,-19.2858,-18.6932,-18.1732,-17.7297,-17.3658,-17.0841,-16.8865,-16.7745,-16.7489,-16.8097,-16.9567,-17.1888,-17.5043,-17.9010,-18.3760,-18.9260,-19.5471,-20.2348,-20.9841,-21.7898,-22.6461,-23.5470,-24.4863,-25.4575,-26.4543,-27.4700,-28.4985,-29.5333,-30.5686,-31.5988,-32.6184,-33.6225,-34.6066,-35.5667,-36.4990,-37.4003,-38.2679
84.3912,84.4227,84.4590,84.4991,84.5419,84.5864,84.6315,84.6762,84.7194,84.7604,84.7983,84.8324,84.8620,84.8868,84.9062,84.9200,84.9279,84.9298,84.9258,84.9158,84.9000,84.8787,84.8521,84.8208,84.7854,84.7463,84.7044,84.6606,84.6156,84.5706,84.5266,84.4846,84.4457,84.4110,84.3814,84.3577,84.3406,84.3307,84.3281,84.3331,84.3454,84.3648,84.3905,84.4219,84.4581,84.4981,84.5409,84.5853,84.6304,84.6751,84.7184,84.7594,84.7974,84.8316,84.8614,84.8862,84.9058,84.9197,84.9278,84.9299,84.9260,84.9161,84.9004,84.8792,84.8528,84.8217,84.7863,84.7473,84.7055,84.6616
-12.0688,-12.4088,-12.8770,-13.4630,-14.1538,-14.9345,-15.7879,-16.6959,-17.6394,-18.5988,-19.5551,-20.4896,-21.3851,-22.2254,-22.9962,-23.6849,-24.2808,-24.7750,-25.1605,-25.4318,-25.5853,-25.6191,-25.5326,-25.3270,-25.0051,-24.5712,-24.0314,-23.3936,-22.6674,-21.8645,-20.9981,-20.0834,-19.1371,-18.1771,-17.2223,-16.2920,-15.4056,-14.5820,-13.8387,-13.1921,-12.6564,-12.2434,-11.9622,-11.8190,-11.8170,-11.9563,-12.2338,-12.6433,-13.1758,-13.8195,-14.5603,-15.3820,-16.2669,-17.1962,-18.1506,-19.1107,-20.0576,-20.9734,-21.8413,-22.6462,-23.3747,-24.0151,-24.5577,-24.9946,-25.3197,-25.5285,-25.6183,-25.5878,-25.4376,-25.1695
21.4792,20.7531,20.0332,19.3211,18.6186,17.9271,17.2483,16.5838,15.9351,15.3038,14.6913,14.0992,13.5287,12.9811,12.4579,11.9601,11.4890,11.0455,10.6307,10.2455,9.8907,9.5672,9.2755,9.0165,8.7905,8.5980,8.4395,8.3154,8.2257,8.1708,8.1508,8.1657,8.2154,8.2998,8.4189,8.5722,8.7596,8.9807,9.2349,9.5217,9.8405,10.1907,10.5714,10.9819,11.4211,11.8882,12.3821,12.9016,13.4456,14.0128,14.6018,15.2114,15.8400,16.4861,17.1484,17.8251,18.5148,19.2159,19.9266,20.6454,21.3707,22.1009,22.8344,23.5696,24.3051,25.0392,25.7706,26.4980,27.2198,27.9350
87.7262,87.7263,87.7264,87.7265,87.7266,87.7267,87.7268,87.7269,87.7270,87.7271,87.7272,87.7273,87.7274,87.7275,87.7277,87.7278,87.7279,87.7280,87.7281,87.7282,87.7283,87.7284,87.7284,87.7285,87.7286,87.7287,87.7288,87.7289,87.7290,87.7291,87.7292,87.7293,87.7294,87.7295,87.7296,87.7296,87.7297,87.7298,87.7299,87.7300,87.7301,87.7302,87.7302,87.7303,87.7304,87.7305,87.7306,87.7306,87.7307,87.7308,87.7309,87.7309,87.7310,87.7311,87.7311,87.7312,87.7313,87.7313,87.7314,87.7315,87.7315,87.7316,87.7317,87.7317,87.7318,87.7318,87.7319,87.7320,87.7320,87.7321
-23.7541,-23.4540,-23.0969,-22.6840,-22.2165,-21.6962,-21.1248,-20.5045,-19.8380,-19.1278,-18.3773,-17.5898,-16.7693,-15.9199,-15.0460,-14.1525,-13.2445,-12.3273,-11.4064,-10.4873,-9.5759,-8.6779,-7.7989,-6.9447,-6.1206,-5.3320,-4.5838,-3.8808,-3.2272,-2.6273,-2.0845,-1.6022,-1.1832,-0.8300,-0.5446,-0.3285,-0.1832,-0.1092,-0.1072,-0.1770,-0.3183,-0.5303,-0.8118,-1.1612,-1.5765,-2.0553,-2.5947,-3.1914,-3.8420,-4.5423,-5.2881,-6.0745,-6.8967,-7.7493,-8.6270,-9.5241,-10.4349,-11.3537,-12.2747,-13.1923,-14.1009,-14.9954,-15.8705,-16.7214,-17.5437,-18.3332,-19.0859,-19.7985,-20.4676,-21.0906
-54.3561,-55.4163,-56.8074,-58.4361,-60.2067,-62.0321,-63.8403,-65.5775,-67.2076,-68.7094,-70.0732,-71.2978,-72.3872,-73.3485,-74.1906,-74.9225,-75.5534,-76.0915,-76.5443,-76.9182,-77.2187,-77.4502,-77.6162,-77.7190,-77.7602,-77.7404,-77.6594,-77.5160,-77.3079,-77.0321,-76.6846,-76.2603,-75.7530,-75.1557,-74.4603,-73.6580,-72.7397,-71.6963,-70.5200,-69.2054,-67.7515,-66.1649,-64.4620,-62.6736,-60.8470,-59.0479,-57.3586,-55.8728,-54.6861,-53.8837,-53.5271,-53.6452,-54.2282,-55.2302,-56.5765,-58.1751,-59.9299,-61.7520,-63.5668,-65.3176,-66.9659,-68.4882,-69.8734,-71.1191,-72.2288,-73.2092,-74.0689,-74.8172,-75.4630,-76.0148
12.5640,12.9556,13.2213,13.3555,13.3556,13.2215,12.9560,12.5645,12.0551,11.4386,10.7283,9.9399,9.0912,8.2018,7.2926,6.3854,5.5020,4.6640,3.8919,3.2045,2.6186,2.1485,1.8055,1.5978,1.5305,1.6050,1.8198,2.1696,2.6459,3.2374,3.9295,4.7055,5.5463,6.4314,7.3393,8.2480,9.1358,9.9819,10.7667,11.4726,12.0839,12.5875,12.9727,13.2316,13.3589,13.3519,13.2109,12.9386,12.5407,12.0254,11.4037,10.6889,9.8968,9.0455,8.1545,7.2449,6.3384,5.4568,4.6218,3.8537,3.1712,2.5911,2.1273,1.7912,1.5908,1.5308,1.6128,1.8348,2.1915,2.6741
-86.1733,-86.1421,-86.1247,-86.1216,-86.1331,-86.1586,-86.1970,-86.2469,-86.3062,-86.3729,-86.4446,-86.5193,-86.5949,-86.6695,-86.7417,-86.8100,-86.8734,-86.9310,-86.9822,-87.0265,-87.0634,-87.0928,-87.1144,-87.1281,-87.1338,-87.1316,-87.1214,-87.1033,-87.0774,-87.0437,-87.0027,-86.9545,-86.8996,-86.8387,-86.7724,-86.7018,-86.6281,-86.5527,-86.4774,-86.4041,-86.3349,-86.2721,-86.2178,-86.1741,-86.1426,-86.1249,-86.1215,-86.1327,-86.1579,-86.1961,-86.2457,-86.3049,-86.3714,-86.4431,-86.5177,-86.5933,-86.6679,-86.7402,-86.8086,-86.8721,-86.9299,-86.9812,-87.0256,-87.0627,-87.0922,-87.1140,-87.1279,-87.1338,-87.1317,-87.1217
-52.5944,-51.5615,-50.4521,-49.2744,-48.0396,-46.7615,-45.4569,-44.1460,-42.8513,-41.5978,-40.4121,-39.3212,-38.3518,-37.5287,-36.8737,-36.4050,-36.1357,-36.0733,-36.2198,-36.5708,-37.1166,-37.8419,-38.7269,-39.7484,-40.8808,-42.0971,-43.3704,-44.6745,-45.9855,-47.2816,-48.5441,-49.7574,-50.9087,-51.9881,-52.9882,-53.9037,-54.7312,-55.4685,-56.1143,-56.6685,-57.1310,-57.5023,-57.7829,-57.9733,-58.0739,-58.0848,-58.0062,-57.8378,-57.5793,-57.2303,-56.7901,-56.2584,-55.6349,-54.9200,-54.1144,-53.2201,-52.2403,-51.1797,-50.0452,-48.8460,-47.5942,-46.3047,-44.9955,-43.6875,-42.4044,-41.1717,-40.0162,-38.9651,-38.0444,-37.2781
11.4800,11.6321,11.7083,11.7082,11.6316,11.4791,11.2517,10.9507,10.5781,10.1363,9.6282,9.0573,8.4275,7.7434,7.0100,6.2327,5.4176,4.5710,3.6998,2.8109,1.9116,1.0094,0.1118,-0.7739,-1.6402,-2.4802,-3.2869,-4.0539,-4.7752,-5.4452,-6.0589,-6.6116,-7.0994,-7.5188,-7.8669,-8.1413,-8.3401,-8.4620,-8.5062,-8.4724,-8.3609,-8.1723,-7.9080,-7.5696,-7.1596,-6.6808,-6.1365,-5.5308,-4.8680,-4.1533,-3.3920,-2.5903,-1.7544,-0.8912,-0.0077,0.8888,1.7908,2.6909,3.5816,4.4557,5.3059,6.1256,6.9083,7.6479,8.3389,8.9763,9.5553,10.0720,10.5229,10.9049
49.3692,47.9935,46.7145,45.5897,44.6748,44.0184,43.6571,43.6115,43.8843,44.4598,45.3056,46.3760,47.6171,48.9710,50.3815,51.7970,53.1735,54.4756,55.6761,56.7555,57.7006,58.5032,59.1587,59.6646,60.0201,60.2250,60.2794,60.1833,59.9367,59.5395,58.9920,58.2955,57.4528,56.4695,55.3550,54.1241,52.7984,51.4071,49.9882,48.5880,47.2595,46.0600,45.0466,44.2717,43.7774,43.5920,43.7261,44.1720,44.9042,45.8825,47.0558,48.3674,49.7597,51.1789,52.5775,53.9160,55.1638,56.2982,57.3035,58.1693,58.8897,59.4613,59.8828,60.1537,60.2741,60.2440,60.0633,59.7321,59.2504,58.6190
-7.8353,-7.1361,-6.3951,-5.6166,-4.8050,-3.9651,-3.1020,-2.2209,-1.3274,-0.4269,0.4748,1.3722,2.2596,3.1315,3.9824,4.8074,5.6013,6.3596,7.0778,7.7521,8.3787,8.9543,9.4759,9.9409,10.3470,10.6923,10.9752,11.1943,11.3487,11.4376,11.4608,11.4181,11.3096,11.1360,10.8978,10.5963,10.2328,9.8090,9.3269,8.7890,8.1980,7.5568,6.8691,6.1385,5.3692,4.5656,3.7324,2.8747,1.9976,1.1067,0.2074,-0.6945,-1.5935,-2.4840,-3.3602,-4.2170,-5.0490,-5.8513,-6.6191,-7.3481,-8.0342,-8.6736,-9.2630,-9.7993,-10.2797,-10.7021,-11.0642,-11.3646,-11.6017,-11.7746
-78.8985,-78.9893,-79.0641,-79.1220,-79.1627,-79.1857,-79.1909,-79.1782,-79.1477,-79.0998,-79.0347,-78.9531,-78.8558,-78.7437,-78.6181,-78.4806,-78.3329,-78.1770,-78.0155,-77.8511,-77.6866,-77.5255,-77.3711,-77.2269,-77.0964,-76.9830,-76.8896,-76.8190,-76.7730,-76.7530,-76.7597,-76.7928,-76.8513,-76.9336,-77.0374,-77.1597,-77.2975,-77.4472,-77.6054,-77.7686,-77.9335,-78.0968,-78.2558,-78.4079,-78.5508,-78.6825,-78.8015,-78.9063,-78.9959,-79.0693,-79.1259,-79.1652,-79.1868,-79.1905,-79.1764,-79.1445,-79.0952,-79.0288,-78.9459,-78.8473,-78.7341,-78.6076,-78.4691,-78.3207,-78.1643,-78.0025,-77.8379,-77.6736,-77.5129,-77.3591
83.4670,83.4854,83.5028,83.5191,83.5344,83.5486,83.5616,83.5736,83.5844,83.5941,83.6027,83.6101,83.6164,83.6215,83.6254,83.6282,83.6298,83.6302,83.6295,83.6276,83.6245,83.6203,83.6149,83.6083,83.6006,83.5918,83.5818,83.5706,83.5584,83.5450,83.5306,83.5151,83.4985,83.4808,83.4621,83.4424,83.4217,83.4000,83.3774,83.3539,83.3294,83.3041,83.2779,83.2510,83.2233,83.1948,83.1656,83.1358,83.1054,83.0745,83.0430,83.0111,82.9787,82.9460,82.9130,82.8798,82.8464,82.8128,82.7793,82.7457,82.7123,82.6790,82.6460,82.6132,82.5809,82.5490,82.5177,82.4869,82.4569,82.4277
65.0645,65.0745,65.0842,65.0937,65.1029,65.1119,65.1206,65.1290,65.1371,65.1450,65.1526,65.1598,65.1668,65.1735,65.1799,65.1860,65.1918,65.1973,65.2024,65.2072,65.2118,65.2160,65.2198,65.2234,65.2266,65.2295,65.2320,65.2343,65.2362,65.2377,65.2389,65.2398,65.2403,65.2406,65.2404,65.2400,65.2391,65.2380,65.2365,65.2347,65.2326,65.2301,65.2273,65.2241,65.2207,65.2169,65.2127,65.2083,65.2035,65.1984,65.1930,65.1873,65.1813,65.1750,65.1684,65.1614,65.1542,65.1467,65.1389,65.1308,65.1225,65.1139,65.1050,65.0958,65.0864,65.0767,65.0668,65.0566,65.0462,65.0356
56.2087,55.7979,55.4242,55.0971,54.8255,54.6170,54.4776,54.4113,54.4202,54.5039,54.6601,54.8841,55.1695,55.5084,55.8918,56.3097,56.7522,57.2091,57.6706,58.1276,58.5715,58.9947,59.3907,59.7537,60.0788,60.3620,60.6001,60.7905,60.9313,61.0212,61.0593,61.0453,60.9793,60.8619,60.6942,60.4778,60.2151,59.9089,59.5629,59.1815,58.7701,58.3349,57.8830,57.4225,56.9623,56.5119,56.0813,55.6807,55.3200,55.0088,54.7556,54.5674,54.4497,54.4060,54.4377,54.5436,54.7209,54.9642,55.2666,55.6200,56.0148,56.4413,56.8892,57.3485,57.8096,58.2634,58.7018,59.1175,59.5041,59.8561
-2.4714,-2.7937,-3.0194,-3.1456,-3.1710,-3.0952,-2.9191,-2.6448,-2.2756,-1.8159,-1.2714,-0.6488,0.0443,0.7989,1.6055,2.4536,3.3323,4.2302,5.1356,6.0368,6.9223,7.7810,8.6021,9.3757,10.0925,10.7442,11.3235,11.8238,12.2398,12.5670,12.8022,12.9428,12.9874,12.9356,12.7879,12.5458,12.2118,11.7894,11.2830,10.6981,10.0413,9.3199,8.5425,7.7182,6.8572,5.9701,5.0682,4.1629,3.2661,2.3893,1.5439,0.7408,-0.0095,-0.6976,-1.3147,-1.8532,-2.3063,-2.6685,-2.9356,-3.1043,-3.1726,-3.1397,-3.0060,-2.7730,-2.4436,-2.0217,-1.5124,-0.9220,-0.2578,0.4718
37.7607,37.5418,37.6228,37.9991,38.6500,39.5407,40.6251,41.8507,43.1622,44.5058,45.8324,47.0994,48.2720,49.3228,50.2314,50.9832,51.5682,51.9800,52.2147,52.2703,52.1465,51.8441,51.3659,50.7165,49.9037,48.9391,47.8392,46.6271,45.3329,43.9944,42.6569,41.3716,40.1932,39.1765,38.3721,37.8222,37.5566,37.5900,37.9206,38.5300,39.3856,40.4428,41.6497,42.9513,44.2932,45.6255,46.9045,48.0940,49.1656,50.0978,50.8751,51.4870,51.9266,52.1894,52.2735,52.1780,51.9038,51.4531,50.8304,50.0428,49.1012,48.0213,46.8252,45.5417,44.2074,42.8664,41.5693,40.3703,39.3244,38.4834
43.1195,43.1251,43.0785,42.9797,42.8287,42.6255,42.3703,42.0631,41.7041,41.2936,40.8318,40.3192,39.7565,39.1445,38.4842,37.7770,37.0246,36.2290,35.3924,34.5177,33.6083,32.6677,31.7003,30.7107,29.7041,28.6862,27.6631,26.6412,25.6273,24.6284,23.6516,22.7041,21.7932,20.9257,20.1086,19.3482,18.6507,18.0216,17.4660,16.9882,16.5923,16.2812,16.0576,15.9231,15.8789,15.9253,16.0620,16.2878,16.6009,16.9989,17.4785,18.0360,18.6668,19.3659,20.1277,20.9462,21.8147,22.7267,23.6749,24.6523,25.6517,26.6659,27.6879,28.7110,29.7286,30.7349,31.7240,32.6908,33.6307,34.5394
-28.2821,-28.9186,-29.6557,-30.4837,-31.3921,-32.3695,-33.4041,-34.4838,-35.5965,-36.7306,-37.8746,-39.0179,-40.1507,-41.2643,-42.3505,-43.4027,-44.4150,-45.3823,-46.3009,-47.1674,-47.9794,-48.7352,-49.4333,-50.0729,-50.6535,-51.1749,-51.6370,-52.0400,-52.3841,-52.6696,-52.8966,-53.0655,-53.1764,-53.2294,-53.2248,-53.1623,-53.0420,-52.8638,-52.6273,-52.3324,-51.9788,-51.5662,-51.0944,-50.5634,-49.9732,-49.3241,-48.6166,-47.8517,-47.0307,-46.1556,-45.2289,-44.2539,-43.2348,-42.1767,-41.0855,-39.9683,-38.8332,-37.6890,-36.5459,-35.4145,-34.3063,-33.2331,-32.2070,-31.2400,-30.3439,-29.5299,-28.8085,-28.1890,-27.6797,-27.2873
-3.6873,-3.9452,-4.3227,-4.8125,-5.4051,-6.0890,-6.8509,-7.6759,-8.5480,-9.4503,-10.3655,-11.2762,-12.1656,-13.0175,-13.8166,-14.5493,-15.2032,-15.7677,-16.2339,-16.5945,-16.8441,-16.9790,-16.9972,-16.8985,-16.6843,-16.3578,-15.9238,-15.3890,-14.7619,-14.0525,-13.2726,-12.4356,-11.5562,-10.6503,-9.7347,-8.8265,-7.9432,-7.1017,-6.3185,-5.6088,-4.9865,-4.4636,-4.0502,-3.7545,-3.5819,-3.5360,-3.6174,-3.8247,-4.1539,-4.5987,-5.1504,-5.7984,-6.5301,-7.3311,-8.1859,-9.0779,-9.9899,-10.9046,-11.8047,-12.6739,-13.4964,-14.2579,-14.9455,-15.5478,-16.0552,-16.4598,-16.7555,-16.9377,-17.0039,-16.9531
-51.7904,-52.8789,-53.8559,-54.7118,-55.4403,-56.0375,-56.5011,-56.8300,-57.0237,-57.0820,-57.0048,-56.7923,-56.4446,-55.9624,-55.3468,-54.6003,-53.7271,-52.7340,-51.6309,-50.4323,-49.1573,-47.8309,-46.4838,-45.1524,-43.8773,-42.7020,-41.6704,-40.8237,-40.1977,-39.8199,-39.7072,-39.8650,-40.2859,-40.9511,-41.8315,-42.8902,-44.0852,-45.3727,-46.7095,-48.0555,-49.3753,-50.6391,-51.8229,-52.9084,-53.8821,-54.7344,-55.4592,-56.0526,-56.5123,-56.8374,-57.0272,-57.0816,-57.0006,-56.7843,-56.4327,-55.9467,-55.3273,-54.5771,-53.7004,-52.7040,-51.5980,-50.3968,-49.1200,-47.7925,-46.4454,-45.1150,-43.8422,-42.6704,-41.6435,-40.8026
45.3823,45.9303,46.5636,47.2739,48.0516,48.8872,49.7707,50.6921,51.6418,52.6103,53.5892,54.5703,55.5464,56.5111,57.4590,58.3853,59.2861,60.1583,60.9994,61.8076,62.5816,63.3205,64.0240,64.6920,65.3246,65.9223,66.4856,67.0153,67.5121,67.9770,68.4107,68.8143,69.1887,69.5346,69.8531,70.1449,70.4108,70.6516,70.8679,71.0604,71.2296,71.3760,71.5001,71.6022,71.6826,71.7416,71.7793,71.7960,71.7915,71.7660,71.7193,71.6513,71.5618,71.4505,71.3171,71.1612,70.9822,70.7798,70.5532,70.3019,70.0252,69.7223,69.3923,69.0345,68.6480,68.2318,67.7850,67.3068,66.7963,66.2525
-84.4783,-84.4423,-84.3763,-84.2795,-84.1508,-83.9890,-83.7927,-83.5604,-83.2909,-82.9830,-82.6368,-82.2532,-81.8352,-81.3883,-80.9216,-80.4479,-79.9849,-79.5538,-79.1788,-78.8846,-78.6927,-78.6186,-78.6683,-78.8377,-79.1132,-79.4740,-79.8959,-80.3544,-80.8275,-81.2968,-81.7484,-82.1727,-82.5634,-82.9173,-83.2327,-83.5099,-83.7495,-83.9528,-84.1213,-84.2565,-84.3595,-84.4316,-84.4735,-84.4856,-84.4681,-84.4208,-84.3431,-84.2343,-84.0931,-83.9184,-83.7086,-83.4622,-83.1782,-82.8557,-82.4950,-82.0978,-81.6680,-81.2123,-80.7411,-80.2693,-79.8156,-79.4030,-79.0560,-78.7984,-78.6500,-78.6229,-78.7192,-78.9311,-79.2418,-79.6288
-84.9902,-84.9532,-84.9132,-84.8704,-84.8248,-84.7769,-84.7267,-84.6747,-84.6211,-84.5663,-84.5107,-84.4547,-84.3986,-84.3431,-84.2885,-84.2354,-84.1844,-84.1358,-84.0904,-84.0484,-84.0106,-83.9772,-83.9488,-83.9256,-83.9081,-83.8963,-83.8905,-83.8907,-83.8970,-83.9092,-83.9273,-83.9508,-83.9797,-84.0134,-84.0516,-84.0938,-84.1395,-84.1883,-84.2395,-84.2927,-84.3474,-84.4030,-84.4590,-84.5151,-84.5707,-84.6254,-84.6788,-84.7307,-84.7807,-84.8285,-84.8738,-84.9165,-84.9562,-84.9930,-85.0265,-85.0567,-85.0835,-85.1068,-85.1264,-85.1424,-85.1547,-85.1632,-85.1680,-85.1689,-85.1661,-85.1595,-85.1491,-85.1350,-85.1172,-85.0957
-88.8802,-88.8751,-88.8713,-88.8688,-88.8679,-88.8684,-88.8705,-88.8740,-88.8787,-88.8847,-88.8917,-88.8994,-88.9077,-88.9164,-88.9252,-88.9340,-88.9424,-88.9504,-88.9577,-88.9643,-88.9699,-88.9745,-88.9781,-88.9804,-88.9816,-88.9815,-88.9803,-88.9778,-88.9742,-88.9694,-88.9637,-88.9571,-88.9497,-88.9416,-88.9332,-88.9244,-88.9156,-88.9069,-88.8987,-88.8910,-88.8841,-88.8782,-88.8736,-88.8702,-88.8683,-88.8679,-88.8690,-88.8716,-88.8755,-88.8807,-88.8871,-88.8943,-88.9023,-88.9108,-88.9195,-88.9283,-88.9370,-88.9453,-88.9531,-88.9601,-88.9664,-88.9717,-88.9759,-88.9790,-88.9810,-88.9817,-88.9812,-88.9795,-88.9766,-88.9726
-48.1710,-48.3627,-48.4405,-48.4040,-48.2534,-47.9894,-47.6131,-47.1266,-46.5325,-45.8349,-45.0392,-44.1528,-43.1848,-42.1469,-41.0535,-39.9215,-38.7706,-37.6230,-36.5027,-35.4352,-34.4462,-33.5611,-32.8035,-32.1944,-31.7510,-31.4864,-31.4081,-31.5186,-31.8145,-32.2872,-32.9230,-33.7040,-34.6086,-35.6128,-36.6912,-37.8180,-38.9678,-40.1169,-41.2436,-42.3287,-43.3555,-44.3104,-45.1819,-45.9612,-46.6415,-47.2174,-47.6854,-48.0425,-48.2872,-48.4183,-48.4353,-48.3380,-48.1269,-47.8028,-47.3675,-46.8232,-46.1734,-45.4228,-44.5778,-43.6466,-42.6397,-41.5703,-40.4541,-39.3094,-38.1574,-37.0212,-35.9258,-34.8969,-33.9602,-33.1402
69.0663,70.1731,71.1539,72.0070,72.7350,73.3424,73.8341,74.2155,74.4909,74.6638,74.7365,74.7099,74.5838,74.3563,74.0246,73.5847,73.0317,72.3603,71.5657,70.6443,69.5955,68.4237,67.1406,65.7689,64.3444,62.9187,61.5582,60.3415,59.3515,58.6644,58.3381,58.4014,58.8486,59.6407,60.7126,61.9846,63.3742,64.8061,66.2184,67.5648,68.8139,69.9471,70.9550,71.8353,72.5898,73.2225,73.7385,74.1431,74.4408,74.6353,74.7293,74.7239,74.6192,74.4136,74.1045,73.6881,73.1597,72.5140,71.7461,70.8520,69.8303,68.6840,67.4232,66.0679,64.6510,63.2204,61.8397,60.5853,59.5400,58.7825
7.4211,6.6286,5.8405,5.0579,4.2818,3.5130,2.7527,2.0018,1.2611,0.5316,-0.1858,-0.8904,-1.5813,-2.2578,-2.9191,-3.5647,-4.1937,-4.8057,-5.4000,-5.9762,-6.5337,-7.0720,-7.5909,-8.0897,-8.5683,-9.0263,-9.4634,-9.8793,-10.2738,-10.6467,-10.9978,-11.3269,-11.6339,-11.9186,-12.1809,-12.4207,-12.6380,-12.8326,-13.0046,-13.1537,-13.2801,-13.3836,-13.4642,-13.5219,-13.5567,-13.5686,-13.5576,-13.5237,-13.4668,-13.3871,-13.2844,-13.1590,-13.0107,-12.8396,-12.6459,-12.4295,-12.1905,-11.9290,-11.6452,-11.3391,-11.0108,-10.6606,-10.2885,-9.8948,-9.4797,-9.0435,-8.5863,-8.1085,-7.6103,-7.0923
78.5407,78.4029,78.2488,78.0781,77.8906,77.6862,77.4647,77.2260,76.9702,76.6972,76.4073,76.1009,75.7785,75.4409,75.0891,74.7245,74.3488,73.9640,73.5725,73.1773,72.7817,72.3893,72.0044,71.6314,71.2752,70.9406,70.6327,70.3565,70.1167,69.9175,69.7627,69.6552,69.5971,69.5896,69.6329,69.7261,69.8673,70.0538,70.2821,70.5481,70.8472,71.1744,71.5248,71.8934,72.2753,72.6659,73.0610,73.4567,73.8496,74.2366,74.6153,74.9833,75.3390,75.6809,76.0078,76.3190,76.6138,76.8918,77.1527,77.3964,77.6229,77.8323,78.0247,78.2003,78.3593,78.5019,78.6284,78.7389,78.8336,78.9128
38.2827,38.2654,38.2479,38.2300,38.2118,38.1933,38.1745,38.1553,38.1359,38.1162,38.0962,38.0759,38.0553,38.0344,38.0132,37.9918,37.9700,37.9481,37.9258,37.9033,37.8805,37.8575,37.8342,37.8107,37.7869,37.7629,37.7387,37.7143,37.6896,37.6647,37.6396,37.6142,37.5887,37.5630,37.5370,37.5109,37.4846,37.4581,37.4314,37.4046,37.3776,37.3504,37.3231,37.2956,37.2680,37.2402,37.2123,37.1843,37.1561,37.1278,37.0994,37.0709,37.0423,37.0136,36.9848,36.9559,36.9269,36.8979,36.8688,36.8396,36.8103,36.7810,36.7517,36.7223,36.6929,36.6634,36.6339,36.6044,36.5749,36.5454
-18.7739,-17.9669,-17.2460,-16.6254,-16.1173,-15.7318,-15.4766,-15.3569,-15.3750,-15.5306,-15.8206,-16.2391,-16.7777,-17.4259,-18.1708,-18.9979,-19.8912,-20.8339,-21.8086,-22.7979,-23.7847,-24.7528,-25.6869,-26.5729,-27.3985,-28.1526,-28.8257,-29.4099,-29.8987,-30.2869,-30.5706,-30.7470,-30.8145,-30.7724,-30.6212,-30.3622,-29.9979,-29.5321,-28.9695,-28.3164,-27.5803,-26.7704,-25.8973,-24.9732,-24.0117,-23.0278,-22.0375,-21.0579,-20.1062,-19.2000,-18.3561,-17.5907,-16.9189,-16.3538,-15.9065,-15.5861,-15.3990,-15.3488,-15.4366,-15.6607,-16.0165,-16.4970,-17.0925,-17.7913,-18.5796,-19.4422,-20.3627,-21.3237,-22.3080,-23.2981
-56.5144,-56.8036,-57.0908,-57.3745,-57.6534,-57.9264,-58.1923,-58.4500,-58.6986,-58.9372,-59.1649,-59.3811,-59.5851,-59.7763,-59.9542,-60.1183,-60.2682,-60.4035,-60.5240,-60.6293,-60.7193,-60.7938,-60.8525,-60.8955,-60.9227,-60.9339,-60.9291,-60.9084,-60.8718,-60.8194,-60.7513,-60.6675,-60.5683,-60.4540,-60.3246,-60.1806,-60.0222,-59.8498,-59.6639,-59.4651,-59.2537,-59.0305,-58.7962,-58.5516,-58.2974,-58.0347,-57.7645,-57.4878,-57.2058,-56.9199,-56.6314,-56.3416,-56.0522,-55.7646,-55.4805,-55.2016,-54.9296,-54.6662,-54.4131,-54.1721,-53.9448,-53.7329,-53.5379,-53.3613,-53.2044,-53.0685,-52.9547,-52.8638,-52.7966,-52.7537
-26.8061,-26.1319,-25.4325,-24.7089,-23.9618,-23.1923,-22.4013,-21.5903,-20.7604,-19.9130,-19.0498,-18.1723,-17.2824,-16.3819,-15.4728,-14.5570,-13.6368,-12.7143,-11.7918,-10.8714,-9.9556,-9.0466,-8.1467,-7.2583,-6.3835,-5.5246,-4.6837,-3.8629,-3.0642,-2.2895,-1.5406,-0.8192,-0.1270,0.5346,1.1641,1.7604,2.3222,2.8484,3.3380,3.7902,4.2043,4.5794,4.9150,5.2106,5.4657,5.6800,5.8530,5.9847,6.0747,6.1230,6.1294,6.0941,6.0170,5.8982,5.7379,5.5364,5.2939,5.0108,4.6875,4.3245,3.9224,3.4820,3.0038,2.4888,1.9379,1.3522,0.7329,0.0810,-0.6019,-1.3144
-22.8920,-22.0216,-21.2170,-20.4885,-19.8459,-19.2976,-18.8511,-18.5123,-18.2858,-18.1746,-18.1803,-18.3028,-18.5404,-18.8900,-19.3467,-19.9045,-20.5559,-21.2922,-22.1037,-22.9799,-23.9096,-24.8812,-25.8829,-26.9029,-27.9298,-28.9525,-29.9608,-30.9449,-31.8960,-32.8062,-33.6686,-34.4770,-35.2263,-35.9120,-36.5305,-37.0788,-37.5545,-37.9555,-38.2806,-38.5285,-38.6984,-38.7899,-38.8026,-38.7366,-38.5920,-38.3693,-38.0691,-37.6925,-37.2408,-36.7158,-36.1197,-35.4554,-34.7262,-33.9364,-33.0908,-32.1954,-31.2567,-30.2824,-29.2809,-28.2618,-27.2350,-26.2115,-25.2027,-24.2201,-23.2755,-22.3808,-21.5471,-20.7854,-20.1055,-19.5165
-9.5442,-9.4158,-9.2831,-9.1463,-9.0053,-8.8604,-8.7116,-8.5590,-8.4027,-8.2428,-8.0795,-7.9128,-7.7429,-7.5698,-7.3938,-7.2149,-7.0332,-6.8490,-6.6622,-6.4731,-6.2818,-6.0885,-5.8932,-5.6961,-5.4974,-5.2972,-5.0957,-4.8930,-4.6892,-4.4845,-4.2791,-4.0732,-3.8668,-3.6601,-3.4533,-3.2466,-3.0400,-2.8338,-2.6281,-2.4231,-2.2189,-2.0157,-1.8136,-1.6129,-1.4135,-1.2157,-1.0197,-0.8256,-0.6335,-0.4436,-0.2560,-0.0709,0.1116,0.2914,0.4683,0.6422,0.8130,0.9805,1.1446,1.3052,1.4621,1.6153,1.7647,1.9101,2.0514,2.1885,2.3214,2.4499,2.5739,2.6934
-72.5924,-73.1326,-73.6410,-74.1146,-74.5515,-74.9505,-75.3109,-75.6327,-75.9161,-76.1614,-76.3690,-76.5397,-76.6737,-76.7716,-76.8338,-76.8603,-76.8514,-76.8071,-76.7270,-76.6110,-76.4587,-76.2695,-76.0430,-75.7787,-75.4761,-75.1349,-74.7551,-74.3370,-73.8815,-73.3901,-72.8653,-72.3107,-71.7312,-71.1331,-70.5246,-69.9155,-69.3174,-68.7434,-68.2076,-67.7249,-67.3099,-66.9762,-66.7354,-66.5964,-66.5642,-66.6401,-66.8212,-67.1009,-67.4691,-67.9132,-68.4193,-68.9723,-69.5578,-70.1619,-70.7720,-71.3773,-71.9688,-72.5389,-73.0819,-73.5935,-74.0706,-74.5111,-74.9137,-75.2779,-75.6034,-75.8905,-76.1394,-76.3507,-76.5248,-76.6624
-31.4823,-32.5509,-33.6257,-34.6959,-35.7511,-36.7821,-37.7805,-38.7390,-39.6512,-40.5117,-41.3161,-42.0605,-42.7420,-43.3582,-43.9073,-44.3880,-44.7991,-45.1400,-45.4101,-45.6091,-45.7368,-45.7929,-45.7776,-45.6908,-45.5325,-45.3030,-45.0025,-44.6314,-44.1903,-43.6802,-43.1021,-42.4576,-41.7488,-40.9783,-40.1494,-39.2661,-38.3333,-37.3569,-36.3435,-35.3011,-34.2382,-33.1648,-32.0913,-31.0290,-29.9897,-28.9856,-28.0291,-27.1322,-26.3066,-25.5634,-24.9126,-24.3633,-23.9230,-23.5981,-23.3930,-23.3107,-23.3524,-23.5174,-23.8033,-24.2063,-24.7206,-25.3390,-26.0529,-26.8526,-27.7274,-28.6656,-29.6554,-30.6845,-31.7405,-32.8117
-33.9927,-34.3362,-34.6452,-34.9197,-35.1594,-35.3645,-35.5349,-35.6706,-35.7716,-35.8379,-35.8696,-35.8665,-35.8287,-35.7562,-35.6490,-35.5072,-35.3306,-35.1193,-34.8734,-34.5928,-34.2776,-33.9279,-33.5439,-33.1255,-32.6732,-32.1870,-31.6673,-31.1146,-30.5293,-29.9119,-29.2633,-28.5841,-27.8753,-27.1381,-26.3735,-25.5831,-24.7683,-23.9308,-23.0725,-22.1955,-21.3020,-20.3943,-19.4750,-18.5468,-17.6123,-16.6747,-15.7367,-14.8017,-13.8726,-12.9526,-12.0450,-11.1528,-10.2792,-9.4273,-8.6000,-7.8001,-7.0304,-6.2936,-5.5920,-4.9280,-4.3037,-3.7210,-3.1819,-2.6880,-2.2406,-1.8412,-1.4908,-1.1904,-0.9409,-0.7430
41.4444,42.3348,43.1211,43.7926,44.3412,44.7608,45.0474,45.1984,45.2123,45.0892,44.8301,44.4373,43.9146,43.2676,42.5039,41.6337,40.6700,39.6293,38.5311,37.3987,36.2584,35.1392,34.0719,33.0877,32.2171,31.4882,30.9255,30.5483,30.3696,30.3959,30.6262,31.0524,31.6596,32.4272,33.3297,34.3381,35.4216,36.5491,37.6900,38.8161,39.9017,40.9245,41.8656,42.7097,43.4445,44.0603,44.5503,44.9092,45.1337,45.2218,45.1728,44.9870,44.6661,44.2130,43.6324,42.9306,42.1166,41.2016,40.2003,39.1305,38.0135,36.8740,35.7397,34.6405,33.6075,32.6718,31.8630,31.2078,30.7282,30.4410
-34.2303,-33.8963,-33.7210,-33.7077,-33.8565,-34.1649,-34.6271,-35.2347,-35.9769,-36.8406,-37.8111,-38.8722,-40.0071,-41.1987,-42.4301,-43.6850,-44.9481,-46.2057,-47.4454,-48.6564,-49.8298,-50.9581,-52.0354,-53.0573,-54.0204,-54.9225,-55.7623,-56.5391,-57.2528,-57.9038,-58.4926,-59.0201,-59.4872,-59.8950,-60.2444,-60.5364,-60.7717,-60.9511,-61.0751,-61.1441,-61.1584,-61.1179,-61.0226,-60.8722,-60.6661,-60.4037,-60.0844,-59.7071,-59.2711,-58.7751,-58.2184,-57.5999,-56.9190,-56.1751,-55.3681,-54.4984,-53.5668,-52.5752,-51.5264,-50.4240,-49.2733,-48.0809,-46.8549,-45.6052,-44.3433,-43.0823,-41.8367,-40.6223,-39.4557,-38.3539
-16.1882,-15.2422,-14.3165,-13.4282,-12.5941,-11.8303,-11.1514,-10.5707,-10.0995,-9.7469,-9.5199,-9.4227,-9.4575,-9.6233,-9.9171,-10.3332,-10.8633,-11.4972,-12.2225,-13.0252,-13.8898,-14.7999,-15.7385,-16.6882,-17.6321,-18.5537,-19.4375,-20.2693,-21.0360,-21.7263,-22.3303,-22.8398,-23.2480,-23.5497,-23.7412,-23.8202,-23.7858,-23.6382,-23.3794,-23.0125,-22.5421,-21.9744,-21.3169,-20.5789,-19.7712,-18.9062,-17.9977,-17.0606,-16.1112,-15.1662,-14.2428,-13.3583,-12.5294,-11.7719,-11.1005,-10.5283,-10.0664,-9.7238,-9.5071,-9.4206,-9.4660,-9.6425,-9.9464,-10.3720,-10.9109,-11.5527,-12.2849,-13.0932,-13.9621,-14.8752
7.7612,7.2176,6.5678,5.8274,5.0146,4.1498,3.2547,2.3524,1.4658,0.6179,-0.1696,-0.8766,-1.4850,-1.9795,-2.3479,-2.5810,-2.6731,-2.6218,-2.4286,-2.0980,-1.6383,-1.0610,-0.3804,0.3860,1.2189,2.0967,2.9969,3.8964,4.7722,5.6019,6.3650,7.0424,7.6177,8.0771,8.4099,8.6083,8.6676,8.5865,8.3669,8.0138,7.5356,6.9434,6.2516,5.4769,4.6385,3.7576,2.8565,1.9582,1.0859,0.2620,-0.4923,-1.1579,-1.7178,-2.1581,-2.4678,-2.6392,-2.6682,-2.5540,-2.2994,-1.9107,-1.3975,-0.7728,-0.0521,0.7462,1.6016,2.4921,3.3949,4.2867,5.1449,5.9477
85.9701,85.9724,85.9747,85.9769,85.9790,85.9811,85.9832,85.9852,85.9871,85.9890,85.9908,85.9926,85.9943,85.9959,85.9974,85.9989,86.0003,86.0017,86.0029,86.0041,86.0052,86.0063,86.0072,86.0081,86.0089,86.0096,86.0102,86.0107,86.0112,86.0115,86.0118,86.0120,86.0121,86.0122,86.0121,86.0120,86.0117,86.0114,86.0110,86.0105,86.0100,86.0093,86.0086,86.0077,86.0068,86.0059,86.0048,86.0037,86.0025,86.0012,85.9998,85.9984,85.9968,85.9953,85.9936,85.9919,85.9901,85.9883,85.9864,85.9844,85.9824,85.9803,85.9782,85.9760,85.9738,85.9715,85.9692,85.9668,85.9645,85.9620
-78.3063,-77.9655,-77.5606,-77.0898,-76.5519,-75.9471,-75.2774,-74.5480,-73.7679,-72.9514,-72.1186,-71.2964,-70.5178,-69.8204,-69.2433,-68.8229,-68.5882,-68.5561,-68.7291,-69.0945,-69.6266,-70.2908,-71.0484,-71.8608,-72.6935,-73.5175,-74.3107,-75.0571,-75.7460,-76.3712,-76.9300,-77.4216,-77.8468,-78.2073,-78.5051,-78.7424,-78.9210,-79.0425,-79.1081,-79.1182,-79.0732,-78.9724,-78.8150,-78.5996,-78.3243,-77.9872,-77.5861,-77.1191,-76.5852,-75.9842,-75.3182,-74.5921,-73.8147,-72.9997,-72.1672,-71.3436,-70.5615,-69.8582,-69.2730,-68.8426,-68.5964,-68.5523,-68.7135,-69.0683,-69.5915,-70.2491,-71.0022,-71.8125,-72.6448,-73.4701
-58.8899,-59.6980,-60.4423,-61.1238,-61.7435,-62.3028,-62.8031,-63.2457,-63.6322,-63.9639,-64.2419,-64.4673,-64.6409,-64.7636,-64.8357,-64.8576,-64.8294,-64.7510,-64.6219,-64.4418,-64.2099,-63.9252,-63.5867,-63.1932,-62.7434,-62.2358,-61.6690,-61.0416,-60.3523,-59.6000,-58.7838,-57.9036,-56.9596,-55.9530,-54.8857,-53.7612,-52.5843,-51.3614,-50.1007,-48.8124,-47.5087,-46.2040,-44.9142,-43.6570,-42.4512,-41.3162,-40.2716,-39.3362,-38.5279,-37.8624,-37.3530,-37.0102,-36.8411,-36.8492,-37.0342,-37.3925,-37.9165,-38.5956,-39.4161,-40.3622,-41.4158,-42.5580,-43.7693,-45.0302,-46.3221,-47.6274,-48.9302,-50.2164,-51.4741,-52.6932
-59.3220,-61.1896,-63.1979,-65.2048,-67.1081,-68.8450,-70.3848,-71.7188,-72.8516,-73.7948,-74.5627,-75.1692,-75.6269,-75.9456,-76.1327,-76.1926,-76.1266,-75.9332,-75.6080,-75.1434,-74.5293,-73.7533,-72.8012,-71.6589,-70.3150,-68.7653,-67.0194,-65.1093,-63.0997,-61.0946,-59.2380,-57.7001,-56.6493,-56.2151,-56.4544,-57.3355,-58.7473,-60.5289,-62.5069,-64.5279,-66.4754,-68.2739,-69.8828,-71.2870,-72.4873,-73.4936,-74.3197,-74.9797,-75.4869,-75.8520,-76.0833,-76.1863,-76.1633,-76.0137,-75.7341,-75.3180,-74.7562,-74.0370,-73.1465,-72.0706,-70.7963,-69.3166,-67.6353,-65.7758,-63.7905,-61.7696,-59.8441,-58.1778,-56.9436,-56.2886
-53.5048,-53.4659,-53.4268,-53.3875,-53.3481,-53.3086,-53.2691,-53.2297,-53.1902,-53.1508,-53.1115,-53.0724,-53.0335,-52.9948,-52.9564,-52.9183,-52.8805,-52.8431,-52.8061,-52.7696,-52.7336,-52.6982,-52.6633,-52.6290,-52.5953,-52.5623,-52.5301,-52.4986,-52.4679,-52.4379,-52.4089,-52.3807,-52.3534,-52.3271,-52.3017,-52.2773,-52.2540,-52.2317,-52.2104,-52.1903,-52.1713,-52.1534,-52.1367,-52.1211,-52.1068,-52.0936,-52.0817,-52.0710,-52.0616,-52.0535,-52.0466,-52.0409,-52.0366,-52.0336,-52.0318,-52.0314,-52.0322,-52.0343,-52.0378,-52.0425,-52.0485,-52.0558,-52.0643,-52.0741,-52.0852,-52.0974,-52.1110,-52.1257,-52.1416,-52.1586
-27.5926,-27.5108,-27.4312,-27.3540,-27.2793,-27.2070,-27.1373,-27.0702,-27.0057,-26.9440,-26.8851,-26.8289,-26.7757,-26.7254,-26.6780,-26.6336,-26.5923,-26.5540,-26.5189,-26.4869,-26.4581,-26.4324,-26.4100,-26.3908,-26.3748,-26.3622,-26.3528,-26.3467,-26.3438,-26.3443,-26.3481,-26.3551,-26.3654,-26.3791,-26.3959,-26.4160,-26.4394,-26.4659,-26.4957,-26.5286,-26.5646,-26.6037,-26.6459,-26.6912,-26.7394,-26.7906,-26.8446,-26.9016,-26.9613,-27.0238,-27.0890,-27.1569,-27.2273,-27.3003,-27.3758,-27.4536,-27.5338,-27.6163,-27.7010,-27.7878,-27.8767,-27.9676,-28.0604,-28.1550,-28.2514,-28.3495,-28.4492,-28.5504,-28.6530,-28.7571
-65.2317,-65.2102,-65.1938,-65.1827,-65.1768,-65.1762,-65.1808,-65.1907,-65.2058,-65.2261,-65.2515,-65.2821,-65.3176,-65.3580,-65.4031,-65.4530,-65.5074,-65.5663,-65.6294,-65.6966,-65.7678,-65.8428,-65.9213,-66.0033,-66.0886,-66.1768,-66.2679,-66.3617,-66.4579,-66.5564,-66.6569,-66.7592,-66.8632,-66.9686,-67.0752,-67.1829,-67.2915,-67.4006,-67.5103,-67.6202,-67.7302,-67.8402,-67.9499,-68.0592,-68.1679,-68.2760,-68.3831,-68.4892,-68.5942,-68.6979,-68.8002,-68.9010,-69.0001,-69.0974,-69.1929,-69.2864,-69.3779,-69.4672,-69.5543,-69.6391,-69.7215,-69.8015,-69.8789,-69.9538,-70.0260,-70.0955,-70.1623,-70.2263,-70.2874,-70.3457
52.0040,50.6375,49.4585,48.5340,47.9205,47.6577,47.7630,48.2293,49.0262,50.1036,51.3980,52.8402,54.3617,55.9005,57.4047,58.8337,60.1579,61.3577,62.4211,63.3420,64.1183,64.7505,65.2403,65.5899,65.8010,65.8751,65.8127,65.6133,65.2757,64.7979,64.1779,63.4140,62.5054,61.4540,60.2656,58.9513,57.5303,56.0311,54.4933,52.9681,51.5165,50.2067,49.1082,48.2851,47.7890,47.6522,47.8839,48.4687,49.3686,50.5284,51.8816,53.3586,54.8926,56.4248,57.9071,59.3028,60.5860,61.7398,62.7545,63.6257,64.3523,64.9352,65.3765,65.6781,65.8420,65.8690,65.7595,65.5127,65.1270,64.6005
