Amplitude1,PhaseShift1,Omega1,Beta1,Amplitude2,PhaseShift2,Omega2,Beta2,Amplitude3,PhaseShift3,Omega3,Beta3,Amplitude4,PhaseShift4,Omega4,Beta4,Buckling,Stiffness
23.669,35.674,1.409,43.196,14.879,-37.111,1.147,1.143,-43.219,88.109,1.061,-45.257,136.391,-7.020,0.587,89.224,18065.400,6807812.096
-10.608,-47.271,1.311,-62.455,-49.425,-48.961,1.355,-56.506,154.620,3.480,0.695,-66.452,-2.876,9.663,1.668,-10.296,-22731.800,2609794.560
46.250,-2.260,0.923,-40.437,20.162,-83.127,1.961,-52.351,18.899,-58.558,1.067,-14.622,-6.272,65.728,1.788,7.627,-18647.400,4156273.152
-19.562,-70.532,1.076,18.431,-83.234,-65.242,1.509,-69.464,-17.323,20.625,1.570,57.143,87.210,28.914,1.926,79.595,-20191.100,5115148.288
-4.180,84.170,0.851,-43.533,62.261,-13.888,0.575,-12.020,6.920,-26.763,1.920,23.756,-7.832,-16.484,1.595,-6.548,-16820.400,5806592.512
-34.339,-35.892,0.562,31.583,-77.398,-55.978,0.118,-70.876,44.825,53.371,1.036,45.191,-8.063,81.707,1.726,21.027,-19383.500,4143617.024
-70.885,89.979,0.466,62.308,-50.597,73.834,1.688,65.023,6.605,51.986,1.897,20.528,-51.809,-49.984,0.878,41.434,26158.900,2745642.752
-81.402,-0.341,0.824,50.248,-187.982,-74.151,0.268,-47.972,-87.739,44.066,0.605,-36.987,41.767,42.031,1.364,-53.919,24710.700,8338964.992
15.077,77.436,1.841,44.237,-165.294,51.961,0.672,-84.101,140.451,-71.851,1.693,-81.391,-64.887,-56.392,0.256,-7.637,28142.900,5341172.736
143.716,76.348,0.014,-65.213,21.611,-17.390,1.047,-21.125,35.606,-1.718,0.780,-16.075,-73.965,45.385,0.664,36.863,-24363.900,7061520.384
106.928,75.436,0.384,9.063,-15.454,-77.634,1.794,-44.056,63.637,-36.530,1.371,-71.708,-143.665,66.944,0.612,72.055,-17351.900,5255492.096
-89.505,44.896,1.047,60.009,26.636,84.137,1.030,28.825,161.162,-70.070,0.155,-10.631,1.475,-51.743,0.508,15.106,23880.800,3333820.928
27.503,-44.698,1.162,38.072,-44.412,1.065,0.440,69.339,-166.664,4.690,1.442,85.048,68.126,77.895,1.578,-65.285,19505.500,5808215.552
55.087,62.653,0.721,31.139,28.550,82.780,1.525,53.620,130.861,-27.170,0.107,18.045,-22.518,-11.334,1.483,-44.627,17139.700,8132412.928
6.317,58.165,1.993,-23.256,-11.748,-20.031,1.642,-31.333,133.417,37.841,1.484,-72.721,-7.791,-40.240,1.800,-23.649,16465.200,2492245.248
-22.537,10.956,1.496,-44.526,12.605,52.492,1.278,-10.765,-92.384,-11.976,1.374,66.944,13.063,-71.416,1.299,-16.092,-23653.600,4986760.192
-90.357,-81.832,0.449,50.140,-118.920,-19.704,1.001,70.523,19.223,24.367,1.395,37.708,63.799,-23.272,0.366,-52.318,19707.500,9159539.712
-29.096,9.812,0.869,-16.756,-28.490,-51.300,0.385,-0.070,-124.829,83.013,1.355,72.583,7.363,-13.904,1.630,-1.258,13300.500,2399476.480
16.670,68.230,1.252,24.993,14.029,-38.996,1.755,-40.923,-53.968,-55.544,1.765,64.703,149.417,68.482,0.232,-38.875,20031.900,9919529.984
-7.025,39.462,1.672,3.222,-16.323,31.901,1.424,-34.119,-19.379,67.773,0.075,-86.438,-94.147,-49.221,0.454,-18.498,17938.400,4122732.544
8.376,-8.273,0.479,-84.830,6.886,36.552,1.732,10.655,8.018,36.266,1.818,-24.860,-14.364,20.997,1.176,5.799,-31011.700,3591616.512
-6.624,2.514,1.728,5.220,-6.925,-71.548,1.781,-15.676,163.105,69.915,0.088,-11.883,-11.628,82.335,1.762,36.273,-12906.300,4851815.424
166.937,65.376,0.453,63.822,40.467,66.419,1.549,-69.252,61.299,-66.620,1.109,-54.832,-114.930,55.237,1.214,-67.486,23273.200,7270070.784
-197.136,23.643,0.150,-70.672,-127.110,-35.375,0.196,-33.832,166.674,19.800,0.306,-38.383,12.820,-56.574,1.623,34.277,-25277.200,8171776.512
166.420,56.818,0.011,-70.066,-36.363,78.732,1.895,-61.438,80.373,-79.939,0.172,49.957,75.191,-79.626,0.779,-45.929,-23847.200,8352502.272
-19.009,-60.494,1.453,-87.449,-97.118,69.435,0.227,38.392,186.559,14.074,0.897,-70.495,19.110,-80.605,1.508,-40.529,32923.000,7598139.904
-24.087,24.246,0.034,-82.881,-12.904,-40.450,1.245,7.342,14.211,-62.636,1.459,-30.238,-88.445,-81.186,1.457,67.512,-31647.700,5445934.080
-26.449,52.252,0.513,-75.018,-156.367,9.824,0.835,-76.076,-94.965,36.760,0.837,-54.328,55.461,73.291,0.852,-41.620,25898.100,2950639.104
-27.118,-73.520,0.935,-21.112,67.344,36.883,0.981,-52.555,60.723,43.313,0.727,44.803,117.925,39.734,0.143,34.408,-17225.900,9781312.512
-168.413,-56.123,1.130,-89.770,-47.208,-66.097,1.572,60.059,38.578,50.249,0.790,-22.678,-43.124,-16.944,0.196,-1.451,30627.600,4631228.928
21.043,1.225,0.787,-88.017,-23.630,64.917,1.419,43.142,-13.660,47.017,1.361,24.056,-171.721,36.836,0.355,73.380,-23160.900,3291503.104
10.513,-40.027,0.698,-5.313,37.692,14.685,0.755,15.493,17.840,77.765,1.343,-33.342,-10.958,-34.772,1.348,6.331,-12961.000,4119064.832
-22.378,39.593,1.942,-53.943,-41.085,-24.578,0.429,-27.987,109.628,-89.157,0.300,68.028,-100.626,48.539,0.379,17.132,-22970.800,8525654.528
-161.037,41.598,0.738,77.015,-95.861,-68.848,0.464,13.245,101.787,13.777,0.868,-56.986,-36.570,4.245,1.003,-49.531,25415.600,5488078.336
42.798,45.200,0.676,2.242,35.507,-30.326,1.040,-39.544,-111.993,56.457,0.370,-7.613,75.744,-57.102,0.622,87.048,-15059.400,3967903.488
-68.311,85.548,0.701,49.702,-62.851,9.276,0.161,-59.032,43.296,34.215,1.087,46.432,39.704,77.783,1.058,-43.431,25350.000,10930938.880
-16.791,-72.845,1.151,17.332,-76.714,39.508,0.822,-71.407,21.367,-33.654,0.953,-28.046,-57.308,-33.471,0.054,-61.233,-21654.000,4429002.240
-72.740,-47.997,1.271,61.438,-9.366,-12.183,1.653,24.320,35.186,17.301,1.055,-39.621,6.283,84.257,1.848,14.326,27885.000,7477564.416
4.515,34.488,1.505,89.139,148.934,-48.235,0.511,45.317,117.868,72.907,0.651,-82.506,-145.439,-30.276,1.138,-69.508,26997.600,4613190.144
14.533,-44.200,1.341,-24.989,-130.442,11.058,0.395,23.950,-127.518,56.694,0.293,76.619,-13.738,-35.435,1.035,-17.417,20065.800,4574683.648
-9.499,65.748,1.469,10.117,3.459,-40.925,1.398,29.845,35.227,-5.671,0.804,-19.213,-5.106,-47.720,1.958,-1.817,14355.400,5113284.608
43.019,-80.375,1.923,-80.745,-92.578,-0.050,0.611,-39.493,18.007,18.821,1.124,-18.590,-53.095,-39.873,1.324,-57.260,23954.800,2832413.696
-83.917,61.407,0.497,-13.128,108.873,54.434,0.427,7.009,-68.288,-54.148,0.068,55.643,-69.579,-24.160,0.394,46.846,14384.800,4269518.848
-160.349,-49.185,0.585,-69.100,-8.528,16.043,1.750,-25.100,51.797,21.060,0.829,38.099,-41.906,-74.127,0.073,75.570,-25608.300,7062538.240
-12.946,-78.251,0.638,27.905,-54.374,-15.194,1.025,-86.790,131.466,-39.797,0.196,51.015,-39.675,60.838,1.026,41.909,-20420.600,3734861.312
13.050,45.390,1.224,-0.825,17.119,54.741,1.375,32.998,-43.690,25.301,1.574,-59.034,97.920,23.091,0.894,57.180,-17959.400,7554054.656
21.046,56.327,1.768,-48.973,-94.167,-43.785,0.335,81.795,10.520,-63.223,1.628,27.539,13.134,-1.284,1.587,-33.573,-30127.100,8274446.336
-61.280,-42.554,0.462,-86.898,-19.616,69.389,1.804,49.348,103.008,89.466,1.071,62.974,34.902,-8.915,0.752,5.092,-31583.600,4327058.432
44.916,-87.394,0.606,-50.736,13.946,40.464,0.244,-23.761,40.095,-45.242,1.481,-55.321,101.886,66.641,0.660,-87.159,-16196.300,3501336.064
49.576,57.111,0.408,-14.062,15.518,-3.998,1.153,-11.209,-22.911,-0.698,1.473,43.984,55.913,-76.876,0.231,-26.868,15177.300,5164358.656
6.073,-28.525,1.813,-6.828,143.606,1.743,0.241,28.010,-130.672,-24.720,0.397,-33.495,-11.026,85.394,1.592,57.778,16361.900,8240648.704
-185.680,-38.853,0.221,8.458,117.650,86.885,0.741,54.874,101.642,-74.044,1.272,-80.172,54.795,-2.066,1.413,-59.581,19445.400,6297288.192
183.909,-87.619,0.249,16.994,-10.216,-5.905,0.949,-58.193,18.102,32.373,1.774,-46.609,-195.065,38.529,0.690,-84.058,-20987.400,6652215.808
-23.322,19.020,0.093,30.092,-40.659,-84.280,0.750,-19.841,-104.813,35.955,0.640,46.046,43.065,-61.316,0.067,53.476,16187.200,6001261.568
-35.586,-50.526,1.387,-51.442,24.145,-85.297,1.764,-79.315,-17.653,-29.171,1.165,-21.597,-69.055,-80.025,0.699,-64.897,-24382.300,2931862.784
-33.289,60.633,0.803,15.066,-21.667,59.531,1.257,69.862,176.990,42.109,0.231,-1.796,14.343,-9.193,1.641,-38.272,19737.200,6101125.632
-5.316,83.541,1.920,-2.311,11.872,-89.482,0.708,4.331,14.450,11.381,1.313,23.430,-90.000,-53.792,0.374,-62.890,-11526.200,3629140.992
-8.561,15.915,0.152,-20.802,35.731,88.807,0.258,-41.159,39.597,-88.162,0.739,-15.903,109.264,70.694,1.766,73.279,-15799.500,4631958.016
32.626,-43.121,1.605,-54.758,-95.055,70.862,0.006,50.858,121.974,-6.324,1.656,-73.337,14.874,37.574,1.796,-42.120,-24238.800,9039742.976
50.340,-30.871,0.042,70.100,-169.130,-36.405,0.014,-76.754,-5.956,-16.354,1.991,-19.769,-1.964,-13.651,0.943,78.521,24528.600,3886844.672
-152.440,10.792,0.231,45.360,-83.433,80.736,1.568,-68.179,-22.882,-3.276,1.437,-43.490,38.254,-4.338,0.806,-48.498,24967.500,8661378.048
-184.592,18.948,1.080,88.055,138.318,-62.969,1.341,73.021,-81.783,-9.228,0.530,-38.604,-173.526,-71.851,0.685,66.345,25001.400,4683271.168
-13.619,76.818,0.521,89.966,-104.174,-68.146,0.204,-47.633,31.636,84.681,0.788,7.740,-10.449,83.797,0.489,-15.289,31922.800,4015600.384
54.170,-10.174,0.445,-23.901,71.614,-67.764,0.557,-18.980,-15.058,-81.394,0.210,61.835,8.454,-51.141,1.716,22.086,-17542.500,5006692.864
60.104,-59.949,0.088,-74.197,9.199,-7.736,1.801,-29.884,43.815,51.357,1.096,-47.341,10.706,-22.505,1.964,-39.328,23906.600,3003308.288
-16.239,-85.361,1.820,-45.618,-166.037,-68.703,0.352,5.908,60.762,56.074,0.811,41.816,104.466,11.835,0.521,33.128,-16894.600,8905414.656
15.315,-49.610,1.139,-5.931,11.806,-56.309,1.362,16.062,-144.876,-31.300,1.998,79.843,35.665,-10.517,0.922,32.355,-15491.600,3536946.176
-56.610,-57.497,1.838,-66.352,50.533,-53.477,1.658,-62.615,-72.244,89.938,0.042,66.375,-14.450,-74.426,0.633,0.735,-28152.200,6241718.272
-11.382,14.839,1.355,-12.425,5.384,35.360,1.993,-14.018,176.388,6.415,1.839,-78.798,33.481,-42.328,0.959,-80.106,13839.000,1994407.808
-15.170,-17.622,0.931,57.478,43.759,-39.963,0.726,20.455,11.820,-20.848,1.548,-27.964,-177.245,47.822,0.762,84.630,19650.900,5919862.784
6.270,52.008,1.982,22.466,-53.744,79.791,0.729,31.173,-39.000,-42.140,1.618,-57.330,6.312,12.450,1.881,16.433,-19480.800,4918761.984
177.427,-39.217,0.069,-84.041,76.909,16.439,0.468,84.549,-41.128,-48.171,1.449,-55.129,28.907,-37.843,1.013,30.731,-30245.100,5352992.768
22.663,9.995,1.122,28.905,21.279,-23.616,0.864,32.160,-55.127,-7.648,0.932,-80.502,59.264,-45.234,1.162,-55.300,-19261.900,5320846.336
30.812,-55.692,1.900,57.948,7.218,-45.252,1.853,49.613,67.077,70.241,0.321,-4.376,-94.501,-25.693,0.630,-46.261,18289.200,7261385.728
-5.232,28.147,1.967,-8.639,38.789,29.660,1.501,55.841,-6.539,66.241,0.975,16.516,14.045,-52.879,1.207,-18.073,17049.100,4667762.688
-5.931,5.922,1.391,45.252,175.059,-72.325,0.837,74.520,-12.141,-29.749,1.546,-29.007,9.936,-33.778,1.430,-9.160,20774.700,5688937.984
-29.364,66.679,0.973,-47.751,-157.429,-86.528,1.146,89.712,-105.396,-80.747,1.052,-87.430,-21.510,-60.106,1.378,62.111,-22518.900,5861001.728
10.501,-71.318,1.974,38.682,-132.054,5.122,0.159,77.388,4.140,-65.496,1.252,49.436,-68.131,55.448,0.549,11.965,-23741.200,3149065.216
65.459,80.162,0.126,-19.076,-161.787,-75.439,0.025,-9.710,54.297,45.197,0.969,66.762,-21.369,18.052,0.149,3.577,15710.700,3203483.392
-165.066,23.117,1.596,-85.763,-55.760,53.565,0.153,-27.880,17.443,-77.881,1.465,-36.653,12.819,-5.965,1.876,-41.301,22005.800,2976009.984
-13.310,-24.443,1.291,16.445,-39.420,-71.954,1.817,60.447,-117.409,19.302,0.444,32.061,-88.859,-53.132,0.189,12.491,19252.900,3007180.288
12.535,37.573,1.752,37.732,182.933,-81.417,0.306,27.717,15.596,15.733,1.535,-35.938,-95.617,58.227,0.546,-32.905,16090.700,9363837.952
172.328,-39.120,0.597,-56.163,-10.487,-20.445,1.365,0.865,-174.655,86.134,1.512,79.089,64.817,-62.088,0.401,-83.322,-20728.000,3781648.128
150.492,-59.117,0.397,65.433,-108.747,-5.144,0.067,-54.177,174.606,51.101,0.604,-75.530,78.010,26.119,1.979,88.429,22907.200,5475263.488
-71.100,-7.515,1.172,-59.248,48.894,-62.146,0.712,24.796,75.585,-78.114,0.462,-24.522,129.214,-31.907,0.210,-46.583,-23205.900,6257984.512
-189.344,-64.597,1.295,82.328,-56.220,-65.459,1.596,63.254,-19.882,33.312,1.152,26.259,-86.645,21.677,1.744,82.945,-25524.900,2795453.696
-178.994,-30.742,0.296,-30.073,177.208,68.032,1.295,88.314,53.527,-46.403,1.637,-71.482,-45.308,-73.515,0.113,69.755,-22230.800,5453063.680
-81.392,-36.065,1.722,69.379,-199.841,30.903,0.110,-81.527,105.721,21.413,0.729,-86.468,7.726,-67.063,1.836,24.984,-26767.000,3261357.568
-11.506,48.141,1.305,-2.712,17.956,-83.734,0.170,-66.075,89.614,84.177,0.482,73.471,37.964,-1.624,1.223,48.050,-20914.500,6327972.352
-51.864,-23.861,1.807,-78.064,-63.448,23.650,1.068,-77.177,63.177,4.342,0.572,12.292,-61.544,-3.935,0.714,34.962,-22355.500,3572687.104
61.442,-77.518,0.144,6.682,-14.547,64.963,0.780,3.053,125.352,18.502,0.752,78.199,188.165,67.591,0.199,-56.537,16466.400,4584431.104
14.449,86.173,1.211,13.646,-59.899,2.319,0.938,-48.269,-1.756,28.473,0.103,8.537,-31.240,-72.438,0.815,64.406,-15929.000,6352508.416
-96.686,32.566,0.468,15.741,15.771,85.068,1.182,-16.131,-130.746,-5.252,1.539,87.674,135.387,-45.959,0.330,-30.601,16784.000,3857138.176
-24.391,40.106,1.051,-26.993,-26.158,13.555,1.075,44.864,-28.598,-50.841,1.210,40.539,25.068,1.408,1.005,24.358,20871.400,7074111.488
7.171,23.167,1.879,22.736,-105.535,2.206,1.797,-72.910,7.474,-33.021,1.714,15.760,30.728,8.252,1.340,46.965,-18758.100,4555857.408
-12.822,-22.539,1.247,-6.705,7.157,47.301,1.957,25.945,27.715,71.581,0.935,-22.282,-9.334,-38.168,1.447,1.034,13894.900,4775593.984
-159.157,85.312,0.337,46.170,178.694,-54.746,0.438,-42.732,166.315,74.271,0.318,-43.784,-16.197,81.966,1.532,-36.912,19004.600,8022107.648
-19.738,-3.231,1.580,-43.998,-36.272,-4.486,1.402,-51.823,4.492,48.375,0.079,18.544,-165.772,75.066,0.999,-72.647,-14764.400,5073656.320
-150.939,-80.112,0.492,-38.940,-11.964,34.530,0.697,-72.081,77.715,30.194,0.037,-84.084,-24.685,-32.468,0.892,3.026,-21819.500,3412130.304
134.569,5.193,0.943,-78.297,99.287,20.796,0.973,63.882,-81.548,-63.341,0.490,0.768,30.129,-33.167,1.866,-56.956,32065.900,6020799.488
-142.546,67.164,0.276,-35.080,-83.708,-82.925,0.354,8.987,64.787,78.476,0.182,29.035,-33.333,-55.172,0.903,28.190,-13655.600,6687360.000
-97.038,62.921,1.009,-72.946,34.292,7.776,1.633,56.189,146.743,76.303,0.433,77.812,10.175,-41.412,1.499,18.817,-26442.600,4857644.032
-61.131,-56.833,0.661,-28.801,121.884,-60.730,0.047,-30.641,98.204,40.103,0.881,-68.363,-4.376,30.480,0.151,80.513,-16513.000,3828782.336
-66.536,-19.097,0.059,13.011,-80.467,22.722,0.854,59.559,23.234,-73.374,1.424,43.504,7.246,-83.082,1.898,-25.147,18456.000,5933715.456
-144.915,31.656,0.629,-66.919,169.563,64.387,0.943,-68.030,30.547,-54.659,0.246,-24.048,-16.642,-41.713,1.572,39.948,-23814.600,7360325.120
-30.259,71.950,0.316,-35.488,-30.937,11.519,1.386,-48.794,-9.545,-27.514,1.922,-35.350,60.153,-18.427,1.159,-55.634,-13529.600,3070387.712
194.128,-62.819,0.226,85.389,-104.404,-2.967,0.454,17.319,113.708,87.892,0.823,62.332,21.086,-75.723,0.600,-89.655,-25740.400,3197220.096
103.306,44.494,1.027,83.177,-170.028,18.155,1.070,75.210,19.491,42.706,1.853,-86.052,20.110,-47.421,0.694,-31.030,21617.600,3277227.776
8.830,-60.218,1.612,-18.472,9.471,55.003,0.986,69.716,-105.983,41.785,0.409,-61.005,-42.279,89.668,0.324,-87.592,20041.900,4835137.024
11.072,0.790,1.329,-0.299,75.624,41.816,0.775,45.854,33.472,-79.371,1.335,48.935,8.148,64.464,1.556,-4.599,14054.100,3911085.824
79.520,42.122,0.608,-64.527,-90.460,-28.745,0.813,52.206,-4.748,6.945,1.783,21.068,101.103,4.039,0.480,68.480,-24688.700,6059396.096
-30.908,52.670,0.890,23.337,-78.969,59.188,1.544,87.504,16.341,26.003,1.288,-68.983,39.855,54.561,0.722,-12.400,26164.400,4749595.136
-10.385,14.378,1.601,26.139,48.696,-81.015,0.247,-8.197,-28.973,-15.145,1.202,-78.113,-34.171,-67.191,0.092,-35.568,18437.600,5763969.024
76.547,-11.872,0.500,-15.812,-44.150,-58.357,1.091,47.022,-160.579,2.339,0.639,84.260,39.826,72.640,0.704,-4.939,18871.500,4417842.688
-95.041,61.740,0.486,20.440,30.948,60.503,1.324,75.562,8.777,-73.258,1.842,30.150,-35.463,76.950,1.330,50.182,-21352.800,2960174.336
142.749,30.876,0.292,-22.298,-136.218,-1.216,0.872,-89.512,-80.430,-28.408,0.098,-10.525,-7.407,-0.601,1.747,18.020,25568.800,4047650.816
151.462,88.068,0.688,-58.069,-19.323,-44.205,1.487,41.050,-86.100,46.766,0.692,-67.076,17.329,19.916,0.301,-20.083,-29229.100,7364941.312
-45.549,-75.750,0.529,-19.773,13.308,84.621,1.212,-1.216,-6.579,-25.000,1.973,-24.297,-82.286,-85.653,0.517,-79.162,-14478.800,2944698.624
-5.655,-11.976,1.937,-13.518,52.753,24.088,1.464,67.475,30.757,-74.854,1.453,50.420,-58.307,76.151,0.177,16.273,21936.800,4187006.208
-59.366,-23.390,0.681,-29.773,54.717,-76.259,1.971,67.021,-179.255,85.087,1.952,-89.544,-13.791,-13.046,1.753,40.508,26107.200,6450807.296
-56.090,-66.383,1.515,-61.519,-127.223,7.562,0.168,13.045,-73.385,-75.127,0.945,-75.183,-25.051,61.470,1.991,55.910,-19396.200,5977481.216
37.043,-50.036,0.305,-59.802,-104.840,-42.290,0.917,87.260,-70.269,-84.152,0.340,0.432,-38.005,-42.475,1.384,64.711,-29144.200,5536001.024
-81.802,-21.897,0.171,-14.274,12.889,31.739,1.978,44.110,-14.451,-49.402,1.169,4.910,-48.917,-8.311,0.986,-62.307,18468.500,7346548.736
117.705,30.495,0.494,34.275,-0.038,-26.122,0.549,64.307,12.135,48.679,1.579,-30.043,28.960,55.722,1.081,35.069,20208.700,7383437.312
40.853,-19.615,1.309,52.463,26.488,-87.689,0.860,1.762,-30.109,79.754,0.268,-61.292,69.487,-27.504,0.125,49.237,21438.000,7907596.288
-15.973,25.394,1.188,18.018,-44.611,-2.356,1.008,-43.687,-76.485,-61.898,0.322,32.245,-22.337,62.937,1.805,-50.957,-15787.400,6225431.040
5.462,32.018,1.901,4.575,-6.100,45.497,1.865,13.504,-47.887,62.009,0.104,-20.031,-75.215,-58.914,1.680,77.882,12454.000,3728924.160
66.676,-60.797,1.858,-68.350,10.319,55.455,1.496,-19.359,-142.238,-67.629,0.584,57.716,-81.966,13.051,0.963,-73.378,-24626.300,6873122.304
-1.934,24.002,0.207,52.971,-36.741,74.208,0.089,-56.189,24.340,30.500,1.468,45.593,-65.589,79.746,1.914,-68.872,23031.200,9204969.472
38.540,-75.415,1.148,-46.286,49.461,61.129,1.657,62.210,-9.981,82.352,1.522,19.379,5.542,-53.613,0.247,-62.027,-26076.500,8725556.224
1.462,-46.979,0.516,-68.722,13.280,-47.010,1.300,-17.424,19.753,53.948,1.161,-26.241,62.649,76.257,0.576,13.193,-27671.100,3162864.384
44.040,4.344,0.780,-49.248,-19.788,-10.052,0.997,3.769,-34.309,-23.150,1.002,36.303,-24.213,-43.946,0.940,77.142,-19267.500,6975075.328
-30.861,21.500,0.121,25.426,-45.807,-69.565,0.200,-74.695,-25.136,1.225,0.892,7.449,32.940,37.045,1.951,-60.281,-20243.200,3617482.752
-21.771,86.731,0.024,36.071,-20.917,56.323,0.920,-53.628,7.247,-67.865,1.646,-2.958,-10.838,78.595,1.457,19.080,-24591.700,6762097.152
20.001,3.471,1.611,44.439,-65.637,75.657,0.516,-86.489,-8.010,-57.886,1.585,-8.181,6.109,-14.860,0.522,-71.170,26125.200,5400345.088
13.615,28.876,1.905,43.881,9.612,-38.761,1.592,21.769,-54.391,-34.035,0.659,-76.538,-194.522,-68.670,0.336,54.476,21227.200,4386491.904
1.210,-66.098,1.205,34.651,-121.125,-16.781,0.967,70.918,146.059,-18.634,0.844,80.354,-12.719,-22.959,0.726,-7.931,22688.500,3798998.528
63.323,9.050,1.457,86.034,-58.335,16.843,0.814,84.017,47.257,-7.998,0.646,-5.070,-24.048,-30.047,1.955,55.401,31941.400,3428179.456
-5.948,-32.658,1.817,-3.259,-14.668,25.704,1.428,30.504,50.086,-50.057,1.173,52.267,77.329,-88.029,1.424,65.028,13722.400,3728990.464
189.752,-72.450,0.441,50.940,-123.029,-69.343,0.444,-21.314,-182.241,54.495,1.045,82.949,-74.958,5.353,0.052,52.826,22624.300,6862337.024
-91.930,-31.256,0.967,-80.376,118.810,-84.827,0.324,63.350,196.973,38.023,1.860,-86.978,-137.467,-87.006,0.448,-82.454,-23076.700,3536270.336
-7.096,29.389,1.681,-7.417,-7.313,-44.844,1.997,-29.238,-18.734,-11.045,1.114,19.719,-114.883,71.175,0.418,23.765,-13492.500,6662709.248
-19.385,-45.111,1.949,50.558,11.680,-48.789,1.458,-22.562,75.846,72.069,0.579,77.741,-147.819,12.552,0.429,83.636,17563.100,4440077.312
-9.297,41.316,1.999,-36.866,-2.289,56.691,0.046,-78.331,24.072,-2.219,1.129,-31.565,13.160,-58.271,1.229,-6.134,25630.500,3381849.600
13.428,32.786,1.627,-35.793,-18.700,13.345,0.448,59.217,18.049,31.715,0.177,22.345,-14.038,62.561,1.792,-41.967,25661.600,10090708.992
45.742,36.664,0.774,-29.213,-140.793,-85.794,0.676,72.077,139.330,-20.273,0.587,67.422,-6.130,-25.718,1.814,-8.427,24265.100,4045528.576
29.853,8.679,1.198,41.408,96.238,27.593,1.310,83.337,-178.389,53.127,0.515,-51.202,-45.067,67.279,1.358,-54.995,22290.200,8412278.784
-153.861,69.048,0.919,-79.861,170.295,46.357,0.957,84.321,-13.510,81.862,1.938,-44.303,-34.500,87.261,1.840,59.497,-30296.000,6222094.848
-84.983,7.253,1.714,69.710,6.445,81.798,1.945,-22.025,40.372,5.173,1.219,-49.685,-50.305,14.697,0.643,12.941,27364.400,7095667.712
8.504,19.430,1.729,23.949,-123.378,23.358,0.312,-32.672,54.238,8.300,0.685,-57.821,192.589,-13.242,0.264,-60.703,-17881.300,5696266.752
-3.101,-54.929,0.976,66.589,-20.312,-62.438,1.053,18.195,147.848,86.976,0.189,-34.148,60.481,35.201,1.279,-71.601,23930.600,7547933.696
44.045,-42.074,1.554,-58.919,-7.377,-73.924,1.811,21.014,-157.963,75.586,0.033,63.548,165.576,-30.666,0.297,37.314,-20923.300,7715389.440
71.641,71.474,0.740,-63.407,-29.951,-72.757,1.743,61.671,169.504,-32.408,1.190,72.320,6.323,88.696,1.943,-20.767,32093.000,6593367.552
-48.940,66.201,0.565,0.833,14.976,0.427,1.250,-63.173,22.224,14.364,1.960,-54.276,46.709,27.319,0.470,83.512,-18655.400,5044738.560
43.607,-21.676,1.259,-51.916,16.532,61.941,1.517,37.681,-25.082,48.928,1.341,42.722,-117.595,-14.547,1.394,-85.821,-20649.700,7766607.360
-35.416,-89.824,1.590,-55.581,41.184,48.866,1.254,-50.941,65.236,-47.714,0.829,-61.741,27.911,-48.258,0.239,-0.923,-18545.300,3205767.168
55.834,-65.788,0.387,-83.406,93.360,-78.490,0.189,-68.903,26.258,21.634,0.448,-62.816,-187.861,-77.648,1.891,78.992,-22411.200,4444243.968
-49.251,-86.902,1.499,59.766,-150.159,35.844,1.484,-81.033,48.653,21.873,0.436,-16.849,-78.293,20.698,1.124,86.774,24703.300,4698247.680
-7.395,-89.217,1.739,-16.711,151.498,32.676,0.416,-88.311,-59.061,67.414,0.349,81.348,-33.519,-29.688,0.888,26.649,-24704.500,4217513.216
34.016,26.698,0.758,0.622,-139.654,-89.720,0.001,-33.587,32.557,54.058,1.595,54.596,16.590,-69.070,1.723,-43.295,17639.300,7828877.824
-76.480,64.516,1.632,-75.757,-5.993,4.424,1.833,-7.987,-147.978,-3.008,0.352,-52.812,-48.020,36.587,1.353,-55.947,26195.100,3000167.168
30.109,54.693,0.817,8.305,-9.646,10.143,1.537,-18.574,-18.849,82.771,1.030,-7.248,-17.327,-34.140,1.104,-13.118,11002.700,2910052.864
25.292,-77.243,0.628,-38.392,-68.164,15.624,1.492,-71.110,59.018,80.500,0.197,-63.662,-59.391,-59.487,0.369,26.894,-19003.600,4925914.624
-19.491,-2.873,1.141,24.396,15.056,-77.289,1.215,16.756,-192.324,-67.483,0.361,-7.723,-7.385,82.947,0.281,-37.101,15236.800,7790233.088
-41.529,-59.582,0.795,26.866,21.246,-67.038,1.770,49.869,6.891,-70.831,1.834,-19.420,50.215,28.331,1.129,-51.347,15531.300,8891995.136
0.620,39.114,0.962,-64.748,12.979,-51.545,1.600,-59.465,59.495,-69.317,0.699,-50.395,-149.904,63.990,0.341,40.868,-17543.600,8440982.528
21.218,-74.657,1.686,48.459,-45.793,60.248,1.209,51.945,21.014,-83.558,1.592,-45.372,67.921,-48.550,0.202,-14.021,20048.200,8137809.920
126.020,-33.542,0.244,-24.178,-14.115,87.329,1.405,27.557,8.578,-8.795,1.668,20.794,9.046,27.352,0.567,39.587,-13559.900,5082652.160
49.013,4.845,0.714,-59.534,-28.302,30.707,1.287,43.495,145.485,-57.059,1.383,87.039,-62.701,-38.551,0.041,63.549,-21707.200,7125236.224
37.090,75.608,1.266,-48.669,34.052,-76.568,1.693,57.020,81.330,74.904,1.429,71.841,99.918,42.874,0.168,-28.987,24279.500,6581605.888
19.590,-62.180,0.899,-42.900,-100.485,-26.570,0.540,-74.227,-54.428,22.709,1.145,53.476,119.080,-23.835,0.189,-77.938,-20058.300,7124190.208
61.682,26.505,1.165,56.370,-169.569,24.638,1.170,-87.762,-20.475,15.780,1.964,-88.450,16.029,31.714,0.908,-37.985,22605.700,5821871.104
23.933,-68.643,1.586,73.347,31.781,72.941,1.752,-56.741,-30.755,1.291,0.996,-32.380,-18.197,-19.754,1.283,-30.159,23323.800,4751256.064
-65.075,16.529,1.235,59.173,28.419,-32.393,0.890,18.348,-135.591,-70.354,0.742,58.074,77.741,-43.139,1.452,75.494,20016.300,2909418.240
108.182,-5.445,0.707,-51.160,107.733,-59.497,0.074,-82.893,-38.210,-21.405,0.759,75.287,-76.584,-1.602,0.476,12.571,-25639.900,4683904.512
171.701,-85.048,0.161,10.455,169.404,16.209,0.281,22.620,5.145,-3.746,0.385,-49.208,-7.106,68.353,1.781,-17.181,17838.600,7173228.032
41.042,74.956,1.046,75.122,24.989,-33.614,1.061,-28.806,-162.450,69.255,1.496,-79.264,52.031,-25.392,1.817,-64.982,22127.600,4475825.152
-112.930,-26.900,0.266,25.908,-0.783,-65.584,0.569,68.426,31.043,-87.213,0.521,2.432,95.946,-15.537,0.739,-77.387,20793.600,3472538.624
87.193,67.661,0.334,-88.844,79.105,62.205,0.651,-64.929,42.293,-75.586,0.914,37.414,-16.283,44.014,1.096,0.400,-30791.200,4795815.424
-6.138,-50.891,1.960,-20.135,11.152,30.151,0.131,-58.560,-128.211,-82.450,0.964,-64.063,12.862,-63.067,0.424,-70.053,-16594.800,2718858.240
-103.540,-83.536,0.320,79.191,-7.135,-61.764,1.661,81.435,-33.673,-83.674,1.216,-82.979,-85.208,51.160,0.136,22.696,-27013.200,2600373.760
-63.555,64.053,0.941,61.798,131.625,54.279,1.920,-79.570,-153.699,-40.317,0.022,46.996,44.612,35.980,0.096,27.317,-27278.500,4591622.144
-154.365,54.081,0.734,83.628,-23.416,3.792,1.475,44.380,93.279,24.944,1.299,-65.748,-66.552,-45.518,1.668,-67.010,27979.400,6899220.992
-110.155,-6.127,1.719,72.850,-35.747,86.044,1.004,-37.663,-13.235,88.835,1.353,21.881,89.610,-55.504,0.321,6.736,34243.200,6788911.616
149.461,42.574,1.177,80.277,39.491,-34.515,1.035,41.954,32.977,-40.576,0.949,31.375,18.410,-22.341,1.057,-10.929,32774.500,4772290.560
-8.843,-67.540,1.578,-16.243,12.787,26.358,1.178,19.522,-65.876,66.855,0.578,-18.248,-27.406,-46.397,0.845,0.286,-13206.200,3805538.048
-15.902,-46.238,1.215,-20.562,50.762,-88.619,1.236,54.238,-74.563,42.940,0.128,87.314,46.094,-18.714,0.668,71.078,18005.900,4451422.720
-126.677,43.281,1.663,-88.407,-97.306,-66.258,0.115,35.991,-90.894,17.573,1.017,69.681,-42.563,44.640,1.542,-57.736,-30058.400,6841647.616
-128.340,-81.442,0.124,-81.303,-75.183,21.062,0.088,-13.464,-19.503,58.515,1.700,-46.196,29.814,50.430,0.673,-42.583,24280.000,3352644.608
-54.201,49.869,0.569,13.408,100.998,50.666,0.278,-65.754,26.465,-18.084,0.957,22.631,10.766,74.524,0.971,-27.443,-22991.000,6171135.488
-135.268,-67.439,0.669,67.689,1.792,-31.709,1.926,74.142,14.580,63.206,1.901,-45.804,28.235,3.222,1.088,-34.512,18295.900,5481640.960
74.971,-8.368,0.427,-6.233,16.778,28.855,1.081,2.275,39.329,44.967,1.322,52.041,-134.311,-78.059,1.369,-74.774,14854.100,4980965.888
-11.205,16.265,1.962,39.486,-13.523,70.016,0.330,88.983,24.289,14.953,1.266,38.946,35.413,-70.579,0.595,-9.959,28909.200,4915759.616
92.877,17.087,0.993,84.897,-111.469,78.928,1.933,87.977,6.009,-45.863,1.817,5.566,-8.520,64.780,1.550,9.868,-26229.200,1804365.696
50.044,-24.298,1.207,53.601,71.954,-49.469,0.141,25.680,-13.468,-17.974,1.740,39.566,169.871,-32.420,0.069,14.583,17875.200,2983351.040
-44.214,79.780,0.224,-27.038,-164.568,63.715,0.022,11.222,-35.325,88.536,0.907,30.902,-35.394,-31.450,1.602,60.401,-14503.500,6109515.776
-65.790,-20.371,0.655,76.078,-27.366,-77.895,0.865,66.532,-3.481,-54.642,0.162,-81.783,-22.468,-38.809,1.115,-28.698,22466.000,4494874.624
-134.641,15.266,0.260,74.171,41.987,5.884,0.682,0.450,170.334,-7.060,1.061,82.899,-140.686,-10.678,0.334,52.471,26495.000,3457240.320
-15.094,22.812,1.322,-25.700,-8.750,-3.582,1.184,-4.155,70.086,-88.850,1.076,75.595,-91.175,-63.811,0.296,-84.494,16843.900,3197581.312
6.119,78.958,1.803,6.241,-130.169,74.771,0.633,-51.499,-16.390,-70.551,1.329,-56.589,32.762,21.308,0.982,33.471,-14091.700,6765371.392
28.137,50.516,0.349,-10.473,6.848,25.120,1.856,-20.333,128.180,-53.828,0.422,-22.862,-8.013,41.032,1.740,21.229,-12536.800,4500358.656
178.003,-35.164,0.835,75.785,152.800,52.355,0.378,-33.415,-47.105,-44.233,1.520,77.388,7.557,-21.806,1.619,5.228,29041.400,4714514.944
88.606,-4.951,0.328,4.083,-5.056,-34.842,1.966,-0.326,-33.564,-41.824,1.106,58.942,-35.863,24.884,0.769,-14.291,13873.900,3260673.280
14.451,22.222,0.361,-63.188,5.926,-36.046,1.819,-2.436,-38.818,26.455,0.003,9.954,24.337,63.390,1.782,68.951,-20588.100,5033193.984
-72.410,36.475,0.955,85.595,-86.950,62.692,0.145,-6.799,-119.296,-88.581,0.147,0.983,10.874,5.754,1.373,10.027,25411.900,2160982.016
8.561,71.211,1.654,19.977,14.554,57.856,1.949,46.076,-74.000,80.844,0.568,-39.072,59.015,0.209,0.709,42.916,15674.100,7921802.752
27.451,17.724,1.432,-47.549,103.823,12.460,0.019,68.617,-149.288,72.490,1.691,76.443,-105.601,53.806,1.978,74.469,22363.500,4978423.808
-94.732,43.609,0.186,88.106,-27.324,78.355,1.203,-39.051,5.147,-52.573,1.949,0.063,-6.597,85.600,1.819,-15.095,28058.500,3461161.728
-15.299,13.984,1.156,-10.128,198.756,-15.727,0.077,-33.064,-7.805,-35.132,1.036,51.412,111.643,-44.290,0.609,72.487,15008.900,4809062.912
-4.549,27.145,1.428,-43.372,-99.543,38.695,0.797,-66.833,23.904,-79.711,0.247,62.659,29.082,4.958,0.813,7.991,-23288.200,7652268.032
191.467,-62.586,1.853,-83.646,-29.114,84.328,1.907,57.852,105.124,16.092,0.204,21.853,28.964,-15.972,1.472,48.990,-24263.100,4153900.544
18.428,21.066,1.338,-34.141,7.716,-50.076,1.950,29.550,-21.119,-69.596,0.981,-9.568,124.948,38.934,0.614,-49.077,-18325.400,6927287.808
72.711,49.267,0.636,33.029,19.118,47.125,0.338,-60.334,-175.081,-45.562,0.648,59.207,-43.592,37.934,1.382,62.971,-19166.900,7231371.264
4.079,-41.565,1.706,-79.159,-6.304,51.419,1.772,-5.177,-164.994,73.788,1.132,78.490,-19.318,25.433,1.233,29.708,-25948.100,4052239.616
-11.280,20.841,1.804,36.711,-24.086,-27.017,1.194,-35.127,-16.508,48.171,1.085,16.841,-78.957,-75.100,0.797,55.258,18725.800,8169145.856
160.490,-75.071,0.379,-30.222,21.918,81.136,1.099,-26.456,-54.242,-63.989,0.612,10.161,-34.256,0.513,0.819,-19.829,12677.200,3201962.752
-78.068,-11.043,1.528,-82.145,79.175,-42.514,1.269,62.820,29.229,12.672,0.924,24.135,67.892,-83.782,0.721,38.858,-25371.500,4045629.184
-95.686,-61.386,0.393,88.435,-45.806,-53.995,0.666,10.048,163.150,-30.178,0.392,29.303,21.975,80.099,1.903,-53.188,-32964.000,6494333.952
-63.635,-77.789,0.556,-3.640,-59.190,-61.504,0.655,-26.274,13.724,-31.508,1.232,-12.083,19.260,-38.978,1.091,-19.136,13367.600,2485959.424
118.611,-58.635,1.525,-73.460,-81.323,-73.495,0.403,19.980,20.638,22.195,1.019,-14.823,-12.615,51.472,1.711,36.485,-25583.800,5826766.848
119.398,-31.976,0.353,10.779,-98.176,28.472,1.562,70.173,9.194,-44.706,0.139,-60.144,-65.863,-50.428,0.605,-23.891,21869.300,7709677.568
-31.430,-25.737,0.797,7.457,84.744,-16.018,1.446,66.554,-6.591,-13.882,1.847,17.654,-9.428,33.772,1.532,16.716,-18419.600,2561255.680
-60.616,-82.631,1.096,54.190,-105.571,-6.959,0.223,50.476,14.059,64.914,1.229,13.526,-171.421,46.116,0.038,53.116,19045.700,3210179.328
-132.400,81.035,0.111,84.587,180.426,-55.600,0.346,33.385,-6.563,85.238,1.759,-9.259,167.592,85.003,1.021,80.974,28392.100,3813565.184
158.748,43.882,0.330,40.349,-49.302,-80.368,0.809,76.419,36.245,-37.251,0.609,24.811,-24.493,-44.467,1.650,-50.146,22620.800,7387089.408
68.673,-1.148,0.549,-12.721,-122.658,6.191,0.251,-63.411,18.683,-59.392,0.884,-13.674,18.220,-28.191,1.336,-33.383,19572.200,2867848.448
-9.775,-51.521,1.546,-19.376,-14.666,-38.252,1.306,-22.856,-14.101,-57.642,1.856,-42.357,137.313,10.455,0.018,2.788,-14567.200,3964115.200
-10.011,-57.853,1.438,-10.947,92.775,77.287,0.597,38.165,188.404,-50.280,0.213,74.944,-53.244,80.587,1.263,-87.830,16997.100,3894752.256
125.707,73.591,0.478,-33.199,-59.521,48.572,0.583,-18.065,-69.557,-21.571,0.744,-69.302,-140.761,63.214,0.206,-48.669,-17955.300,3237981.696
81.473,12.359,1.270,63.240,192.165,79.156,0.562,-59.299,-51.765,-49.140,1.281,-56.197,84.544,12.159,0.490,-36.284,24099.700,7241308.672
-57.884,26.349,0.038,6.100,-6.322,67.409,1.954,36.352,6.015,60.271,1.823,-7.027,-83.571,-36.058,0.592,87.773,13807.100,3837247.488
-53.473,41.049,0.053,-27.947,-10.295,74.397,1.605,-25.760,27.197,3.977,1.931,82.299,-19.064,-19.252,1.179,26.063,-20129.300,6097779.712
34.817,27.951,1.743,-57.548,-76.254,78.058,0.827,-62.715,-13.153,-72.951,1.091,28.048,19.783,71.946,1.009,8.311,-18281.000,4421681.152
68.956,-76.526,1.885,71.454,-39.276,-57.566,0.283,-89.705,2.785,-47.163,0.711,-83.550,18.971,-82.055,1.246,-30.431,22013.000,3687595.520
8.934,53.016,1.828,29.511,4.233,-27.891,0.610,84.925,-143.247,58.831,0.137,-62.107,128.522,-78.697,0.163,61.037,-24853.600,6269158.912
-39.211,-71.698,1.383,-53.347,38.861,-75.021,1.189,-47.485,39.721,12.960,0.709,-42.781,-7.873,-18.146,1.828,25.439,-15158.200,6384991.232
-78.690,84.749,1.748,80.405,41.705,53.092,1.583,58.431,21.459,11.749,1.865,-53.191,169.681,-20.975,1.307,-73.624,23356.900,7488108.032
-17.803,-73.105,0.239,-14.585,99.879,83.730,1.638,71.064,124.082,81.630,1.307,-85.120,-106.709,-47.082,1.994,-88.743,18978.300,3242241.792
17.317,-18.847,0.867,52.338,-11.974,-10.729,1.317,11.772,-99.669,83.442,0.769,-52.428,40.706,-84.782,0.146,-59.027,19568.000,8570391.552
100.691,-27.766,0.525,-58.277,-22.450,-19.237,1.330,-73.358,90.408,-47.384,0.357,72.690,-62.497,-75.434,1.039,-52.784,-21455.300,5600640.512
-39.225,8.441,0.876,32.113,122.889,-13.800,0.319,71.832,-61.333,1.797,0.800,41.355,44.503,-70.871,1.344,54.821,19098.100,3014336.768
41.485,-59.365,0.755,21.930,29.454,75.057,1.190,-40.675,40.965,31.116,1.721,88.102,-119.040,-84.384,1.882,88.082,20880.300,5235654.144
26.056,-43.437,1.986,-56.497,-15.915,61.059,1.624,82.075,-9.928,52.153,1.445,11.479,-34.504,-17.216,1.830,59.021,-26152.200,6424332.288
37.414,79.412,0.854,-28.386,6.152,63.081,1.788,-3.589,34.376,49.784,1.081,40.253,-6.418,9.354,1.874,17.441,-15423.900,6235346.432
-183.921,-68.250,0.140,-9.333,14.979,-8.755,1.924,-45.616,-194.712,-38.650,0.111,-64.422,8.182,-72.773,1.551,-3.673,-17547.600,3151729.664
-17.524,58.180,1.090,-11.874,-6.209,-41.561,1.838,12.569,-90.373,24.646,1.530,68.581,51.481,-5.170,0.409,-24.740,14848.900,4254804.224
2.305,48.923,0.550,11.287,75.505,-80.973,0.362,-36.477,-30.800,-0.971,0.764,40.085,104.835,24.601,1.690,-71.966,-16509.300,7355429.376
-131.222,-63.351,0.344,-39.724,23.772,9.484,0.909,-3.055,-13.779,-78.903,1.418,26.939,17.932,52.538,1.718,45.121,-17398.300,8151727.104
-22.406,-1.334,0.525,80.802,167.151,-54.639,0.082,14.451,-172.679,-77.097,0.061,-29.601,-50.112,63.753,1.084,49.536,32056.300,6913421.312
59.485,-29.695,1.772,68.314,21.718,-39.853,0.521,-60.961,185.039,-67.036,0.277,-11.191,-9.137,-35.866,0.881,-66.506,31924.400,6214558.208
-44.054,-26.655,1.708,60.654,-160.970,27.837,0.039,-76.973,108.590,82.241,0.563,-61.561,7.499,2.008,1.688,13.821,-32039.300,5334457.344
-56.396,-9.229,0.217,55.963,86.866,-18.066,0.479,40.198,184.925,-14.639,1.103,83.999,-129.697,-88.569,0.572,85.036,17400.500,3386573.824
-16.475,51.361,1.160,-42.116,11.320,-1.922,1.326,6.274,9.770,-16.905,0.381,-66.623,5.940,-11.827,1.887,-13.288,-17905.800,3761245.696
8.334,63.053,1.550,7.317,-5.128,19.523,1.991,9.367,-9.990,8.627,1.763,-31.186,6.941,11.267,1.062,62.518,13947.900,5395804.160
-175.710,75.947,0.390,-55.870,-194.314,73.562,0.237,58.522,-51.571,-24.247,0.928,49.717,93.482,75.664,0.514,43.516,-25242.600,9077122.048
-10.102,-5.671,1.669,-27.577,-47.226,18.533,0.638,-37.178,62.617,-48.673,1.752,-84.310,12.728,81.608,1.894,42.153,-18362.700,7536285.696
-44.872,-51.784,0.905,-38.885,-195.480,-52.969,0.094,-42.847,-36.191,-12.223,1.509,54.769,-10.430,-61.945,1.922,37.679,-17208.700,11221145.600
3.120,48.593,0.985,33.170,120.521,-10.338,0.268,-65.457,-57.909,45.596,0.835,86.501,-122.425,79.518,0.847,-75.690,-20878.700,4897425.408
24.789,38.011,1.620,-49.898,-39.495,85.637,0.736,-15.190,-155.305,35.561,0.028,19.149,-99.212,69.330,1.308,87.256,-16726.700,5240283.136
-14.335,-10.509,0.695,39.600,-6.806,32.162,1.711,-6.633,-188.653,34.471,0.420,-42.662,109.899,2.643,1.493,70.601,15507.200,5952622.080
90.043,78.437,0.129,61.312,73.542,44.624,0.138,80.289,12.641,-31.093,1.300,-14.320,-111.557,23.419,0.306,-44.317,21170.200,5653284.864
-56.833,70.204,0.116,-31.649,6.326,-59.847,1.760,2.589,19.554,-28.182,1.011,7.108,6.052,-61.459,1.919,-16.587,-14423.400,4097132.544
29.697,74.349,1.359,46.482,-9.390,-7.565,1.457,-6.284,41.402,79.622,1.617,58.409,-156.538,-29.236,0.240,46.341,17766.700,4317467.136
-24.497,-15.958,1.066,28.380,-32.475,-80.132,0.529,-27.198,87.322,18.131,0.121,-72.229,55.159,-36.680,0.904,44.357,-23071.900,8360059.904
-110.086,-88.088,0.592,-66.196,-39.501,-46.417,1.198,48.262,25.382,-60.214,1.476,-68.744,-12.464,-30.926,1.387,-21.440,-32542.600,7178924.032
-122.169,-37.132,0.308,-72.345,-128.711,37.854,0.504,-45.980,194.484,37.322,0.057,-43.143,-135.599,-20.096,0.407,-65.572,24119.800,2954960.640
194.403,-69.627,0.613,73.879,55.845,19.934,0.670,-73.051,-7.017,11.921,1.736,12.640,12.191,-37.288,1.150,34.052,-29269.300,4278457.344
-49.817,7.709,1.850,64.776,-33.290,-25.657,0.411,-21.635,14.050,-22.730,0.325,-20.861,-117.130,-7.730,0.954,-62.440,18754.900,5346490.880
-6.243,-55.578,1.769,0.248,-1.686,17.915,0.645,-38.705,-29.648,-8.561,0.849,14.899,-126.983,-0.112,0.790,60.739,-14756.200,6865224.704
185.130,56.246,0.770,67.230,101.840,42.358,0.488,39.150,152.674,78.851,0.377,-25.469,148.301,30.200,0.740,-63.056,19682.700,8970357.760
-140.120,62.149,0.273,-66.754,62.953,-4.722,1.938,-68.649,32.600,-85.670,0.443,35.992,81.550,-27.117,0.265,-11.938,-25028.100,5916280.320
8.999,15.650,1.477,-2.928,71.168,7.336,0.680,36.876,-50.138,-39.492,1.250,-62.509,-91.544,87.537,0.213,82.304,-16272.900,5237930.496
11.510,48.443,1.320,7.767,-79.189,-33.905,1.447,65.848,-7.606,-84.704,1.905,26.512,-153.884,77.442,0.061,-83.000,20650.700,3766250.240
-26.150,-46.666,1.502,-48.208,38.478,-32.785,0.034,22.022,-172.880,-55.048,0.183,-77.382,101.166,-66.823,0.754,-52.046,-18725.100,5603345.408
-104.404,42.075,0.158,-67.553,20.174,-30.975,1.390,38.821,-50.393,-11.420,0.795,-34.723,4.377,-82.712,0.501,-14.730,-32251.500,7400274.944
14.614,-44.000,1.193,11.728,-41.763,-71.120,0.565,5.776,168.225,-57.510,0.536,-71.274,-194.020,-26.342,0.789,-87.018,-13806.700,2695663.616
-43.195,-0.071,1.245,72.445,-154.396,87.496,1.320,81.201,-12.655,43.657,1.964,43.272,26.454,13.186,0.860,-0.206,29927.500,3439434.240
93.893,-13.217,0.839,-80.042,91.027,60.060,1.452,78.502,-23.673,-12.583,1.419,-89.121,-118.278,-66.176,0.023,81.127,-22710.500,2573697.792
-26.043,21.982,1.194,-38.022,26.363,48.003,0.901,-14.900,-8.919,28.624,0.077,21.483,-3.584,32.019,1.142,66.973,-15560.800,7124459.008
9.259,-34.158,1.542,15.912,24.671,19.058,0.233,57.435,-6.416,-1.538,1.828,14.318,26.388,44.341,1.987,-68.091,18851.900,5137511.424
12.818,51.625,0.458,23.715,8.829,-8.184,1.857,-30.879,-78.231,-12.909,0.852,50.737,109.971,-81.409,0.019,65.463,17438.800,7021123.584
-83.156,45.968,0.895,-84.248,-167.761,-86.941,0.173,47.685,37.757,86.692,0.773,-50.788,23.807,71.608,0.981,19.359,-31407.700,6938763.776
122.669,12.001,0.055,-89.677,62.275,-59.221,0.057,51.380,-14.147,5.533,1.254,17.125,-102.729,33.653,0.378,-77.679,-27950.800,4046106.368
-13.060,0.099,1.226,3.206,-139.128,67.036,0.327,-37.448,-137.366,-15.604,0.544,-69.939,-175.110,-12.145,1.523,80.355,-17043.200,4443802.112
21.575,30.579,0.912,66.268,-192.141,-44.636,0.904,89.501,6.089,-18.653,1.597,63.945,-15.109,-37.261,1.446,-60.018,20509.700,6587241.984
-0.437,63.600,1.574,64.022,37.078,-43.333,1.620,56.525,115.429,-34.074,0.808,-77.910,-73.922,-71.310,0.793,48.763,21645.500,5113068.544
13.083,-82.159,1.928,-42.625,-51.737,53.896,0.544,-80.044,-37.904,77.954,0.721,4.694,-17.544,32.315,1.174,-22.162,-26224.000,4395035.136
8.629,73.282,1.481,78.322,155.865,12.178,1.912,82.986,121.897,40.882,0.957,63.303,-7.286,-84.959,1.645,4.213,29777.600,2440204.544
-65.922,-64.763,0.843,-45.993,-160.629,55.898,0.007,-11.502,126.237,27.612,0.017,-63.635,35.948,-24.631,1.638,-56.831,-16828.000,2890830.336
66.269,-72.077,0.652,38.983,5.385,-24.254,1.930,7.647,-8.465,7.861,0.747,25.908,-24.798,-78.414,0.185,4.783,17797.200,3327845.888
-0.741,67.999,1.201,69.898,83.141,64.034,0.203,-27.352,-72.173,-46.799,1.348,-63.018,97.561,-65.054,0.166,-80.697,21060.200,5046561.280
12.148,44.201,1.911,-41.115,-79.527,86.414,0.601,83.875,-101.374,50.672,0.628,-74.031,24.426,-73.909,0.916,10.577,-27295.500,4962373.120
85.596,-68.064,1.488,-67.362,-34.192,86.595,0.924,30.633,-1.327,-39.176,0.901,89.868,2.232,26.997,0.918,-26.057,-29946.700,6565261.312
96.439,-6.592,1.460,68.752,22.143,-85.967,1.283,37.185,12.323,84.293,0.678,58.755,-14.119,-76.543,1.191,7.173,24293.200,3112562.176
-28.624,54.341,1.182,40.041,-25.562,15.364,0.943,-18.756,45.358,4.999,0.865,-36.290,34.084,-42.872,0.775,-10.927,17356.100,7178509.312
8.338,29.909,1.660,-18.780,-69.835,-79.308,0.532,-5.939,-67.076,-17.075,1.642,66.019,-36.905,19.509,0.746,11.121,18209.400,4712517.632
-186.775,-5.855,0.202,-86.383,70.594,-32.791,0.647,-34.867,-8.819,-25.636,1.554,13.951,28.936,35.582,0.867,16.022,-30374.600,4359151.616
-50.521,18.549,0.419,2.551,25.086,89.285,1.121,-32.447,137.810,-22.127,1.994,76.869,-105.128,-43.488,1.512,-70.446,17713.400,5075091.456
-5.596,-22.180,1.870,-1.672,5.760,-63.654,1.844,1.943,9.582,31.417,1.805,31.798,14.174,-19.332,1.674,38.397,-11696.400,4017356.544
19.834,67.449,1.229,30.572,-115.503,-21.043,0.793,56.740,14.507,0.850,1.677,38.737,-23.737,-21.934,1.070,-27.174,17338.200,7134286.848
8.296,-35.510,1.569,-9.830,-48.528,-29.756,1.506,-82.941,-54.832,20.472,1.157,54.098,-109.989,48.937,0.496,38.074,-23272.300,5894663.168
-33.433,83.073,0.784,74.796,-45.396,49.484,0.273,-57.133,-166.129,62.349,1.607,-82.700,8.362,72.657,1.677,-20.258,26302.400,4428116.992
57.711,-18.343,0.847,42.448,153.434,-29.126,0.701,86.235,-33.373,-52.759,1.872,-59.447,59.485,-28.813,0.758,-88.706,23720.800,5540717.568
145.264,-63.944,0.472,53.095,-12.452,4.720,1.906,-41.903,-9.891,-37.497,1.406,-0.218,-7.055,84.027,1.941,25.881,30048.100,7698565.120
-57.378,-21.289,1.143,65.875,-10.327,-6.664,1.384,5.233,-24.375,26.941,0.992,-22.028,-7.028,50.855,1.693,-8.276,20667.000,3629134.848
6.529,-58.239,1.740,5.087,11.827,14.842,1.417,-20.844,-9.994,41.229,1.870,35.015,-152.592,7.296,0.326,-22.479,14521.000,6803752.448
-23.643,-69.790,1.054,-26.254,-74.735,-34.252,0.460,48.181,56.870,10.285,0.619,85.421,34.780,30.840,0.638,73.742,19710.400,5539349.504
-11.521,-15.393,1.328,-9.170,111.300,50.453,0.550,-47.001,-9.109,-60.851,1.528,-13.221,-15.985,46.808,1.931,47.818,-17654.900,7036559.360
-130.355,-48.844,1.022,72.089,29.256,-67.991,1.018,-31.994,36.594,-68.507,1.074,81.883,-29.063,89.321,1.683,-53.454,20782.600,4874190.848
-86.571,-9.685,1.099,-60.646,-15.776,12.590,1.166,-14.609,-64.767,81.050,0.275,82.194,154.655,78.118,0.158,54.191,-22063.700,6696451.584
17.123,-16.362,0.881,-89.294,52.141,-0.691,0.435,-26.969,23.076,65.816,0.526,61.415,-173.709,15.077,0.106,79.863,26217.100,4216840.704
-6.607,13.006,1.375,84.078,-110.079,-9.436,1.377,-80.788,-192.649,-23.771,1.239,-74.272,41.225,68.099,1.822,61.547,-24946.400,4516822.016
13.119,-85.942,1.951,-44.110,12.244,-61.147,1.878,40.025,-0.148,23.202,1.978,68.162,-40.773,-86.233,0.828,29.374,-23220.200,8593127.424
86.419,-64.994,0.413,-82.546,103.111,51.707,1.394,-85.987,-9.946,34.931,1.435,-10.255,18.559,-4.796,1.418,-37.654,26748.100,2773462.784
12.862,-62.016,0.538,43.430,-176.883,-76.042,0.485,77.705,28.112,-72.050,1.957,-57.945,136.712,2.497,1.219,75.172,20049.400,7148295.168
-148.924,14.611,0.132,-73.121,-20.585,21.268,0.994,-9.638,-27.018,-36.758,0.688,71.138,-25.678,86.765,0.550,82.077,-26234.100,3679973.888
-82.240,-45.776,0.211,81.300,53.175,-37.690,0.606,-0.895,110.391,-30.662,0.887,74.765,60.497,56.555,0.648,-26.379,24554.900,3948527.104
-38.889,-30.429,1.992,62.389,-118.506,0.963,0.510,79.679,-35.389,-19.195,0.800,-18.892,-31.728,60.708,0.129,66.539,20383.600,3180139.264
-15.630,35.856,1.442,33.504,-5.905,58.568,1.828,-4.566,197.501,-11.600,0.082,-3.368,-62.155,49.304,1.301,59.441,14049.900,3602603.520
16.181,37.732,1.103,-4.027,32.837,32.900,1.138,41.541,-110.076,-76.129,0.122,6.535,96.201,-0.906,0.532,-31.179,14283.400,5622974.976
-14.452,77.503,1.514,33.932,7.301,-38.133,1.829,-22.193,40.151,-40.025,1.708,-59.937,20.102,-65.446,1.559,-43.905,18725.100,8218249.728
-76.019,3.556,0.257,-76.225,134.949,58.454,1.736,-82.464,-5.740,-34.553,1.782,44.401,29.298,-58.101,0.933,25.186,-21736.700,3859522.816
-49.519,11.781,1.443,58.304,20.547,-79.454,0.594,-41.497,92.836,-25.869,1.756,71.431,17.656,15.372,1.110,-15.619,21093.700,5850902.016
-14.558,68.492,1.219,15.120,-37.363,68.330,1.349,55.490,-49.238,77.185,0.766,-44.491,127.756,28.186,0.225,19.779,19538.100,7865445.376
-97.402,1.617,0.233,-41.789,-168.310,2.607,0.694,-61.231,-4.957,-35.496,1.988,-2.440,33.045,-6.709,1.401,-50.620,-17055.600,3509192.192
6.298,-57.937,1.832,12.518,-116.363,8.116,0.715,-76.181,-25.368,-56.422,1.138,-33.844,10.378,-27.741,1.565,24.047,-21458.000,5375681.024
117.922,3.925,0.178,-37.445,136.464,-6.407,0.184,78.223,118.584,-38.482,1.364,69.935,-25.913,54.213,1.242,56.662,22350.500,4962875.904
-169.938,88.577,1.490,84.312,34.178,31.398,0.765,-7.517,-9.751,10.672,0.048,1.722,145.047,81.299,0.276,58.730,29629.000,3585385.472
22.729,-69.416,0.665,-79.500,60.127,42.844,1.158,-55.834,28.068,46.387,0.910,-20.502,-116.552,-72.242,0.098,-31.644,25865.600,3039854.336
-81.687,-29.062,1.682,69.073,109.579,29.568,1.525,79.801,-20.750,5.806,0.093,-52.282,21.547,8.571,0.539,70.931,19730.500,5749102.080
-46.411,-4.417,0.649,1.269,131.059,-28.233,1.918,-82.153,-34.937,-84.316,0.164,-2.018,178.368,-67.532,0.830,-80.636,-19217.200,2016062.080
-116.907,-66.565,0.369,-5.527,-87.290,-22.331,1.705,75.897,137.702,-30.519,1.984,-78.636,199.349,-64.451,1.704,83.898,19790.200,3246985.984
11.328,-49.032,1.373,14.050,-94.671,33.416,0.209,-4.425,9.531,-10.792,1.514,15.732,-67.357,65.291,1.111,-86.173,-11958.800,2832524.544
-94.074,-34.947,0.103,-85.366,-6.399,-86.313,1.861,-16.716,6.780,6.590,0.679,-31.155,-84.301,40.269,0.654,40.363,32796.900,6509680.640
188.778,-27.587,0.299,-62.131,-12.107,38.357,1.668,34.350,92.112,39.548,0.068,42.903,-102.840,-48.110,1.610,-70.953,-18083.400,7220539.392
-46.020,53.580,0.660,-7.919,45.452,57.001,1.627,-81.903,-121.249,63.977,0.333,-0.375,7.693,-41.049,1.604,-5.346,-19142.900,2216132.864
17.876,46.448,0.589,60.152,25.437,14.348,0.880,-38.169,-13.701,-28.687,1.795,-40.940,140.345,-9.772,1.044,-75.148,20962.200,7408025.088
15.832,74.119,0.908,54.784,49.995,30.501,0.587,-46.897,-6.901,77.142,1.796,16.182,-13.717,29.574,1.366,24.677,-31244.200,7858786.304
-31.774,49.771,0.173,23.054,63.235,-64.652,1.872,67.628,45.086,-9.867,0.674,11.107,103.877,-69.141,0.665,-47.499,20054.800,6781724.160
46.602,-34.667,0.003,78.922,-192.672,3.476,0.053,60.383,39.468,-80.416,0.715,8.803,1.224,-89.749,1.103,-89.767,28799.200,3058558.464
7.763,-16.768,1.931,-28.256,-92.688,26.690,0.911,67.837,10.931,9.099,0.009,-73.721,-12.080,-83.438,1.904,-40.281,21188.200,5437681.664
-113.597,28.569,0.423,11.227,7.888,-57.104,1.667,-16.034,-6.381,60.525,1.769,6.821,24.016,-54.462,1.916,-70.150,13565.400,3735256.064
184.717,89.150,0.252,-71.317,56.745,11.785,0.968,64.687,-43.426,-86.344,0.303,-41.753,-39.340,-62.783,0.441,78.187,27550.900,6601238.016
50.863,12.806,0.366,-39.244,-96.455,-57.968,0.461,12.471,35.306,40.792,0.862,-26.615,141.590,66.248,0.883,86.189,-15697.800,4039876.352
171.150,-70.343,0.136,-86.026,-16.637,-24.076,0.473,-71.938,-155.778,47.832,0.005,44.278,131.154,-88.087,0.287,-72.979,-22187.200,4612215.296
102.599,81.753,0.789,-78.452,-5.212,-1.379,0.771,-67.035,15.851,-80.321,1.276,25.086,9.057,-65.742,1.835,-29.704,-30849.300,5624595.968
9.829,-14.323,0.821,38.379,-21.643,70.550,1.381,-40.450,-63.039,-86.553,1.112,55.154,25.376,82.815,0.626,74.243,19837.000,8243248.128
103.717,-22.831,0.091,-56.854,49.609,43.690,0.660,16.283,43.763,87.341,0.339,27.002,-13.316,-12.441,1.561,-32.163,-19531.200,5860908.544
13.734,83.827,1.649,37.304,54.486,-11.855,0.176,48.814,172.485,0.569,0.053,-39.254,77.921,-70.185,1.478,65.898,14994.100,8414715.904
-22.205,31.418,1.019,19.339,-134.072,-16.669,1.107,-87.243,124.736,41.911,0.031,-47.981,165.798,22.144,1.658,76.536,-25891.200,6262973.440
-34.068,8.023,1.345,54.363,-19.830,76.331,1.693,53.176,10.347,26.070,1.377,2.773,-11.989,-16.246,1.428,-21.598,18234.400,4801412.096
-187.968,32.400,0.323,68.134,-48.842,12.885,1.141,-73.909,179.199,-56.580,1.197,-85.585,78.910,-55.954,0.537,-21.075,28391.900,4080564.736
7.854,43.057,1.695,-17.835,-4.497,-30.588,0.745,28.592,54.562,59.718,1.499,61.351,7.451,86.246,0.914,22.222,-18987.000,5742451.200
120.475,72.008,1.404,-73.820,12.502,-54.008,1.274,-9.009,-40.423,-65.919,0.497,-33.019,19.378,1.057,0.951,32.533,-26315.000,6654861.824
-40.755,-12.525,0.558,-21.751,40.838,-57.517,1.240,-49.955,-27.693,9.422,0.843,3.813,-105.052,7.579,1.126,76.006,-17194.400,5372513.280
123.669,-79.305,0.357,83.332,-159.175,89.606,1.102,-85.318,-11.795,-26.590,0.565,88.910,10.309,32.721,1.391,6.840,-27009.800,1844060.544
-85.145,-20.108,0.828,51.461,14.083,-14.955,1.279,18.920,-50.000,-68.926,0.965,-44.973,-12.867,70.379,1.257,9.276,24154.200,6581659.136
-46.809,45.802,0.506,14.681,-15.346,-42.051,1.534,-35.917,112.379,9.736,0.598,60.866,117.921,38.765,0.939,62.014,18471.200,7673405.952
30.492,24.922,1.348,-46.872,-153.066,-84.136,0.897,-75.434,-6.770,85.689,1.700,1.496,63.457,3.798,0.397,-47.899,-23376.200,3945239.040
-22.474,64.731,1.088,26.596,-36.824,-33.118,0.788,19.816,49.475,-61.366,0.401,-83.684,-81.320,-49.665,0.733,87.610,-16619.500,2633897.472
27.670,-68.970,1.633,-52.299,46.696,36.218,1.902,-64.512,122.405,64.967,1.884,80.417,144.583,-8.514,1.037,-69.320,-18455.700,4800689.664
-117.382,82.044,1.363,75.516,38.104,-22.933,0.720,-5.006,-22.357,8.768,0.733,-27.190,40.720,16.843,0.464,-7.016,19286.900,2813400.064
-9.531,-47.812,1.755,-29.357,-35.450,-31.243,0.370,52.751,115.820,89.152,1.271,81.082,-8.841,65.909,1.491,-3.508,23355.000,5391704.576
-96.238,80.579,0.533,29.076,23.881,39.779,1.054,26.241,44.455,-13.256,1.462,57.397,-23.131,39.507,0.801,-82.074,15802.700,4102640.896
34.717,-50.213,1.424,57.781,-8.227,-0.557,1.542,-1.699,-171.595,16.946,1.391,-87.198,15.345,37.735,0.688,89.803,20008.300,3431619.072
-6.765,-86.585,1.876,20.586,81.631,-60.915,0.849,-88.948,-10.953,-13.612,1.890,38.338,-10.618,-26.615,1.463,18.396,-19027.100,2825100.800
-2.195,-6.897,1.715,86.384,-28.838,1.596,0.806,65.928,-43.586,76.744,0.254,-37.713,-131.082,-52.674,1.487,72.662,23137.700,4749185.024
169.414,-34.030,1.956,-78.979,188.265,77.566,0.148,82.764,13.093,56.907,0.988,-47.768,-6.330,-58.620,1.761,-2.902,33375.900,4158720.000
73.608,76.907,1.615,78.635,-9.694,-56.590,1.499,15.023,18.587,-46.078,1.553,-41.865,26.580,-34.534,1.015,-78.812,27798.000,5449314.816
151.844,47.468,0.240,-11.964,-62.522,72.370,1.555,-64.194,29.873,-78.550,1.264,-55.847,-54.754,51.896,1.466,-60.847,-17941.800,2839510.016
12.991,25.875,1.666,35.847,118.752,44.691,0.559,42.845,26.685,-76.806,0.858,-3.619,-19.808,-69.645,1.504,41.682,15205.700,4279419.904
-156.854,79.348,0.779,82.205,137.306,-25.839,0.368,78.900,64.965,29.281,1.624,65.217,10.082,29.431,1.754,31.671,-25351.000,2819759.616
-9.318,-24.822,0.182,2.880,88.677,40.718,0.477,9.909,-14.981,73.961,1.380,-28.835,-57.476,57.041,1.652,-63.896,12211.200,3654762.496
10.871,-70.912,1.856,-37.171,-55.243,-12.635,0.502,-36.042,97.221,-22.998,1.319,-67.632,52.052,31.022,1.206,-54.458,-14498.100,3094611.200
31.281,60.231,0.805,9.365,-117.831,34.719,0.783,-70.458,6.060,-29.299,1.803,-4.117,18.397,49.931,1.252,-85.079,-16852.100,2524423.680
-9.879,-51.280,1.486,-15.054,46.790,-53.108,1.291,-54.531,-91.663,57.892,1.240,86.062,75.368,-57.701,0.219,-25.889,20586.100,3206101.248
29.464,-64.263,0.596,21.343,150.766,8.600,0.215,-52.766,-35.812,-77.164,1.908,60.237,83.982,49.663,0.640,38.948,-21252.500,8311485.440
-44.820,-2.221,1.381,55.734,-15.220,33.924,0.359,77.946,-129.184,-71.060,0.267,-81.107,92.568,-79.329,0.108,-35.865,21229.000,6332864.512
140.993,-88.590,0.373,-76.562,-23.948,-74.686,0.845,-28.516,199.405,7.190,0.310,-8.594,38.689,-2.365,0.556,37.238,-27526.300,6738484.736
-98.578,-53.852,0.048,-0.508,7.419,82.044,1.766,19.187,21.293,-82.740,1.730,48.385,116.910,-21.364,1.311,69.232,13753.200,3365486.336
-89.236,-15.549,0.748,-75.363,46.254,17.425,1.155,-50.172,12.105,59.998,1.226,80.712,-11.214,24.368,1.438,-19.450,29858.000,3848046.080
5.540,55.838,0.842,-70.766,104.566,-13.007,0.061,-63.920,8.512,62.426,0.972,-15.707,131.494,25.963,0.387,-76.461,-25582.800,2379943.168
-18.509,34.114,1.365,-34.517,15.253,-2.838,1.174,-13.068,26.809,86.327,0.921,-23.380,19.484,-7.523,1.971,51.247,-14934.000,6055348.224
-173.027,-25.294,0.813,-67.957,186.926,58.934,0.887,88.510,77.686,50.140,0.502,-2.735,-132.573,44.769,1.807,-75.484,27797.500,2957551.872
7.315,-26.125,0.725,-25.089,-17.663,-24.769,1.110,-53.226,-25.551,19.224,1.126,34.036,-65.682,57.810,0.485,-61.680,-15857.700,7439461.888
-100.659,89.493,0.981,66.066,17.475,44.161,1.439,-51.292,-10.047,-10.344,1.402,-4.779,11.853,60.130,0.460,-64.036,27090.000,6770084.864
10.404,88.976,1.403,9.925,12.464,-46.165,1.672,34.738,46.467,58.368,1.041,88.642,70.210,-20.526,1.469,-64.339,19049.800,4779195.904
-9.723,57.588,1.419,-2.097,5.946,4.105,1.784,11.951,-14.781,49.210,0.251,-77.063,-62.659,-69.924,0.601,20.172,-13299.700,2416592.640
-133.075,-37.582,1.171,-88.114,8.584,-25.167,1.972,32.599,-171.238,-15.802,0.190,-12.510,8.217,18.859,1.664,17.759,-34325.800,6063446.016
-164.121,5.560,0.200,-17.103,-77.382,-70.317,0.752,-45.144,118.586,38.499,0.634,-49.098,42.114,41.426,1.166,48.347,-14896.100,8353011.712
-18.090,40.239,0.996,89.375,-10.618,42.439,1.847,35.326,-9.746,71.729,1.862,34.223,-85.897,-85.905,0.496,-13.688,-35782.300,7232693.248
181.347,87.007,1.033,71.796,-102.802,-16.204,0.406,-79.009,48.033,31.899,0.525,47.580,-17.798,27.911,1.079,11.595,-30827.800,4468067.328
63.158,-85.760,1.508,63.484,-180.056,25.790,1.730,-86.336,-11.610,44.591,1.651,-31.930,166.358,11.025,0.348,-31.972,22580.300,4672391.680
39.247,-66.969,0.914,-34.818,6.274,85.370,1.791,8.083,35.461,-0.141,0.451,65.769,-20.511,-89.015,0.774,35.982,-18826.200,6832586.752
-22.081,10.605,1.041,-21.297,127.245,8.942,0.029,24.686,-79.988,-4.823,0.474,-70.088,-20.350,59.199,1.613,-44.878,-18557.100,6536637.952
51.933,47.586,0.619,-8.877,-141.473,-47.931,0.591,-54.779,128.229,-19.484,1.720,83.858,-51.519,17.757,1.585,61.328,-20900.600,5450848.256
104.828,73.838,1.645,-71.493,-26.328,82.329,1.442,46.700,89.200,71.075,1.778,-74.653,-34.807,7.978,0.181,-45.503,-24479.900,7515462.144
-13.452,-3.948,1.788,-40.764,6.326,63.501,1.942,-19.998,-191.144,23.957,0.755,-66.077,52.253,6.836,0.897,42.565,-15137.400,8167140.352
-22.676,-41.039,1.005,19.046,51.918,62.523,1.117,51.581,7.332,-58.259,1.161,4.155,15.658,80.826,1.406,31.954,16895.200,3313553.920
133.864,40.582,0.007,-41.457,-19.620,-70.727,1.879,-49.562,42.968,-68.247,0.241,-21.050,50.040,-7.077,1.274,71.827,-17049.600,5308288.512
-67.202,-42.212,0.753,40.940,45.979,-50.159,1.519,73.588,17.106,7.412,1.147,-17.539,2.894,89.729,0.317,-8.947,19727.700,4066415.872
30.079,33.585,1.474,-62.861,-60.225,-73.234,0.347,42.652,-111.210,-62.102,1.878,74.302,23.294,24.003,1.965,-86.006,-20741.900,5933955.584
-141.925,-71.538,0.378,-77.321,116.768,-2.073,1.979,85.733,-10.736,-64.663,1.671,30.504,9.599,40.056,1.526,-16.858,-34061.100,4945883.136
147.260,74.594,0.098,49.389,-9.799,-80.009,0.759,29.980,118.076,-22.380,1.194,-67.394,-5.324,88.721,1.699,77.235,20025.600,6266841.088
39.930,-54.532,1.873,62.680,-56.028,-27.477,0.991,-48.959,-21.073,27.970,1.310,36.818,-18.653,73.764,1.700,60.017,23775.800,8411277.824
-98.007,-39.813,0.684,-48.497,-149.227,40.120,0.017,52.633,85.624,-6.098,0.560,-34.440,-6.476,87.016,1.739,-2.142,-29806.800,7954368.512
120.947,82.728,1.537,-81.407,72.250,-18.950,0.390,-84.475,1.661,11.237,0.330,-46.557,-127.156,-39.318,0.225,8.606,30888.900,3195947.008
27.266,6.231,1.240,-54.484,-12.531,57.449,1.252,3.275,-87.978,-76.289,0.427,12.084,-0.631,56.092,0.651,27.874,-17896.000,5192759.808
-176.113,72.952,0.889,73.024,-30.350,-47.775,1.133,-89.120,-23.345,59.362,0.346,10.668,-124.538,-76.169,0.064,-15.975,30371.300,3639936.256
192.824,13.675,0.104,31.303,-37.911,-47.457,0.421,-30.123,159.519,63.829,0.238,78.918,-2.438,-39.775,0.561,-50.034,19634.100,9339532.288
-19.809,25.223,1.119,-22.915,-20.351,-46.753,0.311,-12.349,-62.748,-2.346,1.185,76.064,-11.151,45.014,1.844,-37.549,14739.400,3464939.008
25.386,29.115,1.550,48.965,-116.612,-22.766,0.841,85.477,13.432,39.168,1.225,8.326,35.404,16.267,0.748,-5.689,26300.700,4032849.152
24.552,-78.499,0.952,-17.458,-184.928,-84.918,0.043,-87.684,105.339,-19.872,0.671,-48.306,-95.390,-29.446,0.034,-39.847,20071.300,3488255.744
-46.104,-2.990,0.959,42.935,97.413,6.569,1.223,85.862,15.480,10.367,0.234,48.623,156.541,-54.920,0.358,-51.717,22697.600,8708161.536
-9.016,-55.017,1.867,-31.904,-144.835,43.992,0.263,-77.708,11.201,-60.626,1.706,33.102,147.075,-17.897,1.852,-81.304,-20992.700,6225414.144
80.651,-13.763,0.614,34.860,23.044,-26.800,1.302,-38.554,67.597,-55.912,0.617,59.471,11.401,-5.121,1.580,-28.001,19633.900,7922866.688
-59.320,-14.691,1.697,87.460,-22.914,-87.178,0.871,58.040,104.796,-7.376,1.831,85.660,182.610,6.333,0.244,-22.520,28743.300,3497936.640
61.087,59.747,1.655,65.199,80.667,-75.704,0.315,61.857,39.109,-4.061,0.995,-75.701,-6.584,20.195,1.729,-3.878,26127.900,5079340.544
6.887,-9.444,1.792,16.183,-63.975,-28.483,1.127,73.911,-134.584,-89.487,1.925,-87.764,22.460,17.511,1.326,68.194,-21277.000,2865196.800
146.575,-43.046,1.794,86.858,187.747,26.173,0.623,82.427,-37.249,35.317,1.407,52.404,32.050,-87.275,0.119,31.369,-24317.000,3079576.832
102.854,1.605,1.689,-71.788,12.383,52.879,1.531,29.046,-7.309,-8.193,1.675,10.353,158.252,70.949,0.384,-68.445,-20033.200,3124995.072
14.085,38.444,0.572,-33.615,22.956,48.336,0.931,-84.846,-98.984,-49.634,0.595,-40.244,151.120,74.809,0.077,20.525,-25013.100,6413697.536
10.259,-7.348,1.887,36.354,10.627,41.398,1.613,55.132,26.964,-75.242,1.746,53.113,54.048,-2.972,0.005,30.004,15996.900,3060097.024
-35.380,-33.334,1.777,58.833,72.138,-55.207,0.704,39.577,0.092,3.594,1.560,-6.469,-175.779,79.162,0.026,-17.808,18148.400,4382903.808
77.649,61.002,0.486,-18.212,-15.421,28.929,1.468,33.435,-12.699,-44.464,1.457,-26.778,23.559,34.880,1.023,-23.381,19506.300,7339046.400
10.407,0.633,1.448,-15.718,146.023,-82.334,0.106,8.656,-14.236,-86.994,1.503,32.619,58.555,-17.660,0.560,-58.202,-14233.500,6135287.808
-86.433,-17.716,0.437,-86.728,-7.635,-21.807,1.824,-23.292,-36.431,-77.744,1.608,56.018,-88.126,74.110,0.474,5.783,-32920.200,6127863.808
-48.599,-37.780,1.280,55.009,45.132,-19.477,1.333,54.637,7.105,61.091,1.733,13.446,-76.146,-44.835,0.172,-7.292,21064.200,4298501.632
-22.924,-65.484,1.399,42.248,69.394,45.758,0.127,4.696,-87.017,66.937,1.186,64.470,139.205,0.906,1.708,-81.398,17399.000,4472352.768
29.760,-40.281,1.704,-54.224,159.952,-39.514,0.800,-64.922,-199.362,78.276,0.217,36.399,7.943,-77.162,1.332,47.353,-17290.800,9423552.512
-95.352,-38.211,1.180,-63.984,17.816,21.801,1.237,26.934,-20.431,33.942,1.315,35.583,-13.464,-2.793,0.313,27.353,-16653.400,4377307.648
23.442,-16.419,0.939,-11.488,16.478,-89.297,1.679,-42.313,-18.183,79.076,1.357,34.564,-136.777,-64.648,0.840,63.887,-16062.700,8209845.760
-81.394,66.325,0.065,47.270,80.902,57.942,0.098,-11.774,-83.239,-82.106,0.656,-82.167,-23.084,-14.169,1.217,35.496,22667.100,6224771.584
-19.996,59.191,0.857,29.638,145.151,-31.851,0.926,65.275,28.309,-85.895,0.872,15.335,62.601,53.300,0.976,52.003,16940.400,3009997.824
15.709,-61.691,0.193,64.564,77.513,46.740,0.155,-1.371,38.643,-14.989,1.140,45.911,-61.806,40.814,0.083,39.401,24488.300,3654907.648
34.147,-18.246,0.947,-32.670,-5.482,-45.398,1.888,0.093,88.521,68.215,0.468,55.316,-60.790,33.428,0.784,-40.156,-19873.300,7852474.368
66.681,-89.609,1.069,-55.015,-15.719,-83.536,1.119,4.130,-11.836,1.939,1.426,-21.347,191.616,-66.521,1.442,-82.627,-19440.400,3634629.120
-105.107,34.934,0.455,76.811,21.854,-13.292,0.952,-5.747,-21.408,-71.452,1.934,53.035,12.768,-67.832,1.237,-0.513,26412.800,3103917.312
174.106,-54.154,0.288,30.434,-43.218,-5.636,0.102,1.559,-3.930,57.573,0.264,68.980,-13.733,75.242,1.194,1.952,17396.500,3200294.656
-21.448,-11.376,1.978,-53.583,33.786,-12.241,1.618,-55.554,8.146,70.998,1.577,9.030,-187.251,1.759,0.416,-84.553,-17988.300,4308360.192
111.354,-86.303,0.403,12.581,139.354,-72.022,0.287,-14.146,-53.424,29.855,1.004,48.007,-156.358,53.647,0.268,85.683,15158.500,3647897.600
176.738,72.387,0.029,14.245,-11.085,41.016,1.578,26.637,31.924,65.395,1.098,39.273,-32.789,34.415,1.432,50.646,13479.100,3098356.992
37.020,-73.965,0.730,-4.763,-10.273,68.679,1.479,17.666,-37.811,-87.680,0.814,-79.832,-9.457,83.548,0.974,-66.805,-14816.500,3092346.112
197.042,19.626,0.183,-31.476,-96.148,-51.082,1.883,-72.585,-79.280,-41.419,0.504,-68.028,71.604,-52.266,0.002,28.645,-19716.600,5799495.168
-112.414,-40.514,0.407,-7.213,41.939,72.010,1.095,-70.352,151.115,-9.519,0.623,-88.156,-13.083,85.967,1.247,9.329,-22310.500,3554844.928
-69.736,37.061,0.577,-21.875,-24.647,77.039,1.600,48.930,186.178,-59.096,0.151,89.331,-19.318,18.353,1.275,-63.474,19024.200,6430169.088
-125.803,70.011,1.411,71.225,-30.900,-63.974,0.850,17.995,-6.030,80.089,1.939,-17.877,-105.736,8.779,0.012,-81.827,22195.300,4423206.400
155.527,-0.806,1.462,87.190,6.977,-17.171,1.698,8.004,-13.536,73.537,1.211,5.787,84.089,-89.196,0.390,-11.872,-23681.800,1904517.888
-61.846,-79.503,1.287,-72.085,42.943,-64.438,1.084,-46.424,165.183,-35.954,0.456,74.107,-131.184,87.887,0.966,77.682,-22401.800,5043582.464
27.120,-76.471,1.350,-44.929,41.081,56.212,1.230,-78.456,-81.345,75.468,1.791,83.471,83.529,-84.065,0.715,44.871,-21560.500,7036305.408
46.308,-79.040,0.712,-33.018,98.348,-4.908,1.016,80.770,132.326,-66.487,0.288,4.184,-17.116,25.282,1.227,28.592,-25193.900,6108178.944
11.296,70.710,1.561,-26.582,-193.786,-77.008,0.820,-74.322,167.806,-60.081,0.059,73.626,-41.244,-86.672,0.310,-4.230,25098.000,4017327.360
22.101,-73.912,0.988,-15.283,123.883,-52.636,0.493,36.251,-11.065,-59.711,1.788,35.252,-48.482,16.638,0.703,22.994,18613.500,5462094.848
-19.904,-25.702,1.061,17.483,-3.284,-78.812,0.761,-57.479,-109.605,-41.686,0.412,22.844,-9.517,-62.522,1.947,-35.228,-20644.500,5159790.080
-145.912,-13.833,0.998,78.094,38.473,22.130,0.794,23.225,-47.557,36.641,1.258,53.875,-119.705,-74.627,1.656,84.249,-24634.600,2870146.816
57.281,-27.294,1.983,81.687,10.540,-51.957,1.723,31.968,6.905,30.794,1.684,2.098,10.933,29.238,1.628,-29.362,31150.500,5897445.888
-5.220,58.589,1.968,8.699,8.810,-88.025,1.841,-75.034,-68.716,23.077,0.536,-5.532,-33.351,9.155,0.869,-24.835,-21674.700,3316097.792
-11.987,-45.328,1.393,19.855,-78.232,41.737,0.641,68.825,-52.556,74.684,1.049,-76.481,-80.326,-40.645,0.115,-39.081,22722.400,6982677.504
-11.573,47.243,1.415,18.890,25.914,66.616,0.399,46.423,-22.035,45.676,0.227,60.662,181.841,-80.172,0.569,-65.969,15162.100,7486184.448
68.315,-84.020,1.316,-61.236,-193.570,27.024,0.389,58.889,11.873,-52.189,1.397,18.914,142.280,59.876,0.284,-67.571,-26228.300,7052590.080
-35.705,84.952,1.264,-77.519,12.801,-50.548,1.267,-10.480,1.085,-27.879,0.132,-89.987,-145.680,48.093,0.833,74.578,-26777.400,2902270.720
6.146,24.708,0.673,81.546,-69.579,-37.312,0.493,27.185,-82.459,12.357,1.176,89.642,13.597,6.675,1.635,-36.583,29225.400,5395440.640
179.198,-56.946,1.334,-82.990,-179.764,-43.472,1.608,-80.435,8.838,-43.777,1.727,-25.298,17.615,-51.851,1.321,30.972,-33213.000,5598081.024
112.435,-63.269,0.263,-70.359,168.990,45.195,0.452,47.539,-66.930,-51.604,0.553,70.586,38.828,15.448,1.255,-49.378,-26474.300,8406326.272
136.046,-82.329,0.727,77.477,-7.801,-88.985,1.435,-2.220,195.700,37.055,0.485,56.696,-89.690,47.082,0.857,53.891,28262.700,3608897.792
130.094,38.857,0.196,57.184,-43.781,-58.630,1.683,60.807,-2.251,33.088,1.614,65.256,9.456,-68.257,0.990,3.271,20178.700,2687011.840
74.728,-31.592,0.644,35.090,-113.815,38.061,0.537,75.432,-176.300,25.714,1.633,86.195,73.856,52.718,1.100,-57.891,20908.000,6113398.272
31.695,36.266,0.765,37.164,133.596,5.421,0.661,53.808,99.496,-16.646,0.496,-36.390,-83.091,76.539,1.776,70.215,15107.000,6723478.528
-87.640,-20.879,0.642,82.800,-172.982,-78.118,0.212,-43.813,-32.162,64.488,1.894,87.777,-85.047,10.803,0.580,-32.689,24372.600,3755966.464
10.662,17.462,1.760,32.622,32.520,-23.214,0.934,-29.472,94.652,57.464,0.394,19.959,66.842,-25.030,0.531,46.214,20084.400,7408792.576
7.054,-36.771,1.913,24.496,33.498,-35.942,1.112,40.780,90.986,-25.368,1.844,-80.840,-143.358,-23.660,1.053,85.465,-17356.500,3286162.688
-7.397,-30.010,0.580,88.947,-18.218,-69.801,1.077,-13.554,40.481,-65.150,0.513,-15.198,3.969,17.047,1.418,-52.596,24465.600,3390173.952
-143.026,77.806,0.340,66.938,34.909,67.632,1.569,-55.259,28.513,70.657,1.022,33.659,28.747,-20.584,1.066,-33.963,30003.200,9327156.224
168.205,9.497,0.081,-51.101,32.108,50.842,0.960,-39.981,-113.770,55.262,1.661,-79.617,105.621,58.686,0.346,58.165,-16530.100,8222521.344
7.128,33.166,0.284,-39.901,22.211,-17.796,1.580,-45.883,-116.190,52.586,1.412,70.300,-160.495,72.113,0.414,-34.096,-21858.200,5522994.688
74.716,-3.798,0.925,-52.576,19.930,34.100,1.014,-85.741,6.525,-51.320,1.748,-6.360,-17.030,-36.623,1.073,-2.504,-27423.400,3023453.952
-47.746,69.573,0.157,25.342,-14.156,-82.279,1.132,41.205,-17.614,-4.529,1.339,-32.660,36.092,6.043,1.519,79.132,15451.500,7663100.928
-51.627,50.248,1.072,-49.760,6.727,80.442,1.715,5.088,20.473,-73.676,1.206,-84.619,39.723,43.710,0.081,-5.932,-20014.600,3362634.240
6.193,70.995,1.784,-4.425,-144.258,71.544,1.370,80.485,70.820,-10.244,0.918,73.277,-6.845,22.530,0.765,-74.059,19876.900,3469360.128
11.509,-29.570,0.863,-84.995,-72.792,83.249,0.421,-36.764,-63.278,-0.339,1.880,67.783,-6.504,84.701,1.775,-10.282,29249.900,4083742.720
-43.330,-75.974,1.567,-58.649,-137.317,24.271,1.038,-75.772,35.180,67.841,1.025,-38.185,-5.695,42.616,1.854,1.878,-24219.200,3487417.856
-9.480,81.347,1.598,21.820,-23.482,-8.366,1.632,-49.275,26.850,69.685,0.877,11.582,-71.692,54.645,1.171,-59.153,-16579.400,4762301.440
-89.744,-12.802,0.435,-1.586,8.776,-21.351,1.560,13.899,-63.011,-81.875,0.146,-50.683,-150.501,-57.500,0.364,-42.791,-13828.200,4305936.896
85.596,51.014,0.303,3.811,172.215,-60.373,0.070,71.588,45.224,-48.480,0.169,40.971,30.115,13.706,1.997,69.702,19913.500,3181320.192
-109.210,-44.383,0.622,-45.772,-64.639,46.098,1.431,62.636,-196.557,-31.928,0.510,79.557,43.678,23.624,1.569,-58.592,24313.300,6983246.848
26.908,2.216,1.944,-57.107,-12.778,24.901,1.045,86.996,-43.912,68.885,0.667,-1.098,6.835,32.851,1.935,-24.166,-31976.400,4439121.920
112.978,84.227,0.429,-13.331,-12.218,-41.290,1.476,-25.431,-82.889,-53.517,0.486,3.046,10.673,69.549,1.356,-2.757,-15108.800,3236896.512
9.819,61.301,1.799,32.407,15.080,6.950,1.261,72.359,-136.588,20.105,0.258,51.590,14.821,-59.374,1.802,43.217,19824.800,3101569.792
25.810,-19.526,1.060,-41.664,-143.522,35.138,0.407,33.980,34.456,-37.657,0.115,-37.468,153.633,31.376,0.044,58.460,-21101.500,9681025.024
198.617,85.916,0.763,77.379,-120.173,75.300,0.497,-35.586,55.253,-87.898,0.705,-73.137,36.538,-11.139,0.873,28.971,30914.200,5698458.624
70.332,-28.221,0.313,-32.397,-69.638,-14.343,0.572,20.707,-36.361,40.275,0.778,-17.254,74.651,-9.474,1.863,-72.582,-15402.400,4464101.376
18.960,21.552,1.016,-1.194,-30.812,83.336,1.893,-57.641,-50.890,2.995,0.700,46.817,194.174,14.225,0.258,63.213,-19247.000,7636519.936
195.404,-23.539,0.709,-69.642,-8.255,-42.870,1.313,-57.866,-7.000,29.245,1.969,25.416,-120.046,57.955,1.288,76.364,-21228.900,6416539.136
17.047,16.795,1.082,6.940,40.371,-58.875,1.027,42.326,-10.240,51.572,0.663,24.649,-21.544,-60.668,1.266,-34.958,14471.100,7609885.696
-125.228,-52.234,0.010,-57.369,-72.116,43.172,0.528,9.302,-5.331,-43.036,1.915,-0.881,-108.317,10.247,1.271,-78.660,-18472.100,3588763.648
-51.157,-80.023,0.418,-50.279,121.285,49.520,0.058,-12.548,-97.669,15.322,0.405,9.483,-146.780,61.199,0.433,-72.292,-17625.700,3445863.936
-42.424,6.914,0.077,-69.232,47.945,-66.848,0.724,25.168,-102.649,68.696,0.222,64.282,-85.460,43.304,1.518,67.873,-22221.400,5698438.656
24.506,-82.979,1.833,-52.939,-14.349,-18.336,1.649,37.289,5.417,-81.308,1.912,5.152,53.862,56.841,1.869,65.767,-21910.500,7870105.088
-180.230,-38.566,0.027,-81.674,-138.025,69.103,1.471,79.340,16.622,63.512,1.010,-53.446,114.424,36.254,0.732,-88.217,24388.600,3919047.936
21.135,63.657,1.128,27.126,42.743,65.398,0.136,35.662,-47.163,17.862,1.182,-51.815,-27.870,15.937,1.318,88.857,17316.200,6487143.424
-5.318,11.471,0.903,51.266,16.560,-63.501,1.088,-2.716,10.040,73.052,0.476,-65.312,-27.791,-33.092,0.010,-79.780,21314.200,5951578.112
26.739,-84.457,0.511,76.251,27.119,10.844,1.219,39.482,-45.656,-85.394,1.946,-64.741,-32.357,3.205,1.119,86.018,26287.400,5698001.920
-67.785,-32.911,0.167,35.488,34.856,17.093,1.338,72.877,-54.086,23.497,1.285,70.738,-50.926,-12.585,1.154,52.125,20225.800,2843889.152
-73.987,53.884,0.543,17.763,65.569,5.528,0.301,43.809,-143.833,-26.061,1.326,84.597,9.456,88.095,1.502,13.996,20656.500,3214537.472
104.893,-81.056,1.284,79.896,5.449,65.828,1.989,14.684,-196.390,13.492,0.284,37.109,36.692,-50.598,1.617,56.405,-23575.900,2875441.920
-25.329,4.818,1.300,40.798,-7.588,-52.278,1.708,-16.444,-145.055,0.169,0.159,6.415,-9.292,-63.541,1.481,-9.380,15069.900,4407785.472
123.508,-52.731,0.110,-36.360,-23.215,-22.045,1.204,-34.608,102.924,39.309,0.021,-58.673,-19.486,-80.805,1.733,-47.678,-13327.300,3071501.568
7.788,-88.720,1.585,1.368,7.702,22.389,1.700,-17.059,-20.326,-4.383,0.983,3.276,5.559,26.420,1.909,8.928,-11280.200,3040513.536
-43.021,69.304,1.135,48.024,71.153,79.660,0.581,-23.993,-7.770,38.806,1.648,-13.081,-33.400,-60.300,0.505,-11.327,19375.700,5685635.072
6.966,46.829,1.893,-22.536,33.866,-30.110,1.983,-60.606,-57.513,-21.012,0.221,-49.922,-1.163,45.684,1.938,45.833,-16476.800,9096995.840
121.455,53.217,0.540,41.502,6.912,89.823,0.256,-59.813,-25.068,27.707,1.540,-76.002,-84.424,47.566,0.996,-89.099,-18210.500,4448208.384
17.702,29.879,1.825,46.641,0.859,19.648,1.741,-3.362,138.421,43.760,0.939,-70.937,152.249,62.181,0.156,-76.541,20821.600,5487557.120
28.923,-52.557,1.300,44.777,10.743,10.458,1.512,22.381,87.009,-34.819,0.591,-60.747,-51.504,-85.272,0.823,89.507,19556.100,6003911.168
47.435,-88.047,0.691,-34.043,92.828,71.039,1.062,-83.591,-5.686,-62.800,0.131,-12.802,15.595,41.736,1.182,15.648,-25481.200,4226478.592
-43.363,13.316,0.886,-36.211,-12.984,-70.476,1.408,-24.311,-26.113,-38.108,0.894,33.316,-65.423,-26.816,1.048,-54.255,-15112.300,7990020.096
9.632,20.184,1.781,-30.757,-40.712,80.346,0.112,6.564,23.454,-72.498,0.937,-11.322,-47.517,61.960,1.399,57.270,-14559.200,5745608.704
-49.005,-20.907,1.535,-60.170,11.088,-45.806,1.351,-8.855,-198.332,2.857,1.564,-77.721,183.430,34.255,0.132,-27.801,-23654.900,2786542.336
-30.469,57.270,1.277,-45.287,0.297,-88.307,0.179,-25.002,-9.510,55.692,1.487,12.885,113.892,-76.413,0.462,-76.995,-16389.900,4951381.504
-172.329,35.096,0.208,-5.050,-100.592,-74.377,0.523,-31.675,-56.328,46.246,0.786,-40.625,31.048,-45.993,1.537,51.731,-15151.000,7705206.272
-6.506,88.336,1.734,1.649,47.181,-14.709,0.219,-84.885,-93.679,-61.687,0.856,-59.496,-184.431,59.002,1.200,-76.156,-21672.200,2967287.808
-23.973,-28.662,1.519,-46.996,11.257,-11.538,1.358,11.286,12.745,54.793,1.246,-5.378,147.555,-64.072,0.925,-68.681,-15775.500,3818863.872
9.230,80.776,1.622,21.144,-43.767,73.227,0.341,15.129,28.790,-51.887,0.632,-8.712,-17.867,52.358,1.543,-40.923,13307.900,5912243.200
-44.627,87.428,1.254,-61.915,-14.419,88.359,1.552,34.590,93.948,16.497,0.555,47.309,160.279,68.813,0.351,-54.845,-19588.800,6805105.152
36.293,-17.162,0.279,5.594,-10.073,-9.150,1.777,31.645,-41.229,27.112,0.354,-41.386,-15.055,50.496,1.144,4.117,17165.100,6249351.168
-61.117,-7.717,0.810,41.879,46.696,3.188,0.620,23.629,-59.580,-56.125,0.046,-56.385,-52.373,-15.276,0.677,-23.071,21500.000,8158571.520
99.389,-48.516,1.002,-60.887,28.058,-9.685,1.345,-44.898,-40.560,-23.922,0.724,14.654,120.209,46.377,0.527,-46.651,-20243.300,4584487.936
128.038,-53.169,0.270,-23.698,-178.648,88.703,0.831,-70.001,-13.775,-63.747,0.201,-51.720,-86.327,-28.449,1.409,67.492,-18869.500,6571287.040
-62.235,-14.881,1.014,51.863,36.763,-7.347,0.893,-78.073,-139.291,-33.340,0.375,-1.356,-71.547,19.016,1.771,-78.312,26123.500,5576562.176
-5.627,59.143,1.917,-10.891,8.316,-20.715,1.718,-66.269,3.142,-36.083,1.589,28.813,14.784,-3.696,1.150,1.510,-19169.900,4943514.624
42.615,-56.398,1.107,55.416,13.095,76.772,1.412,-24.675,19.768,-43.408,1.686,-47.001,33.381,78.936,1.293,-47.240,17533.500,8000354.304
156.508,33.975,1.105,-87.253,185.454,70.386,0.122,-17.768,7.813,-2.607,1.680,-16.396,-26.569,-81.850,0.450,-45.312,23160.000,3049103.616
138.872,6.484,0.046,-25.828,-36.707,-40.573,1.164,45.399,-42.124,-40.946,1.601,-58.409,112.443,-82.326,0.048,-79.432,21114.100,7360649.728
-143.781,-36.418,0.831,74.342,-90.272,-36.794,0.299,-10.271,14.524,62.913,1.388,27.645,121.808,-79.017,0.030,81.555,27022.600,4642477.568
-27.948,55.032,1.933,56.673,111.996,0.136,0.191,-7.287,-16.086,-43.229,1.491,-35.583,-197.585,64.974,0.810,-85.276,19071.900,6290988.032
34.090,-46.607,1.530,53.779,16.793,-35.343,0.876,76.788,-35.148,-17.582,1.659,56.423,22.910,-42.091,1.133,30.432,23964.200,3096707.840
-80.462,87.653,1.893,71.018,-25.571,18.810,0.977,22.993,-17.428,-89.893,1.291,29.693,6.073,42.192,1.860,-12.737,27090.000,4591437.312
22.882,-80.960,0.357,-76.130,146.469,47.597,0.372,-67.753,153.465,14.505,0.013,41.622,0.004,-3.356,0.124,43.751,-18883.500,5240690.176
39.242,-10.651,0.063,45.738,37.559,-29.297,0.686,61.229,-35.731,-42.714,0.367,-9.921,111.921,73.215,0.425,10.802,16941.500,4065357.312
176.122,78.194,0.969,79.451,4.498,65.950,1.226,-30.320,-124.268,-64.524,0.280,-88.717,-6.047,-5.738,0.252,-83.796,20337.700,2925995.264
-7.420,-74.512,1.863,-24.518,22.407,75.913,0.691,-83.460,86.024,-14.251,0.543,-27.342,47.383,-49.025,0.438,21.673,-25462.700,6107713.024
-178.239,-4.644,1.115,-77.039,-8.153,20.329,1.587,10.515,142.750,-74.535,0.293,69.310,158.773,13.844,0.217,-25.511,-29720.200,4439797.248
-6.334,-53.422,1.764,4.288,-174.243,28.006,0.296,74.824,-95.179,-50.743,0.429,-72.508,-5.986,-73.238,1.974,-18.917,21406.200,4037336.320
-11.531,-32.375,1.639,-30.965,62.909,39.035,0.963,50.456,-46.244,65.963,0.388,-69.507,-21.707,-55.620,1.203,32.826,-20742.700,9138839.552
157.571,2.862,0.074,47.000,138.908,-63.075,0.617,86.672,162.484,47.271,0.090,42.360,-65.791,4.801,0.930,49.894,22651.900,3683934.976
13.663,60.033,1.237,12.134,-156.999,13.984,0.775,-62.232,12.465,75.914,1.507,-28.312,41.625,22.370,0.086,23.211,-16420.500,6283621.376
25.703,20.269,1.030,27.363,6.368,37.282,1.869,16.642,-76.753,-83.140,0.821,-48.638,-80.784,-10.268,0.837,50.821,-17093.500,6912359.936
97.255,18.024,0.083,47.793,132.152,-67.381,0.382,-88.528,45.685,61.633,1.296,-53.794,-159.360,-6.185,0.290,82.838,22716.000,6727115.776
-111.507,65.229,1.111,86.578,-72.121,49.978,0.625,31.389,-9.035,52.891,1.814,-29.380,173.725,59.662,0.445,81.864,28858.200,5792952.320
96.623,55.305,1.039,-65.388,140.908,71.879,0.885,89.316,-9.561,83.781,1.808,30.552,-8.019,-60.835,1.031,71.570,-22835.800,5369864.704
-48.037,-1.779,0.744,58.507,-3.587,-3.382,0.629,-8.440,7.280,87.541,1.888,-23.768,14.283,-46.688,1.292,20.797,21636.000,5382243.328
13.849,-41.225,1.433,28.141,71.330,87.976,0.988,-53.914,-60.806,33.742,0.547,-13.930,34.776,20.276,1.189,45.353,-21022.100,8098406.912
20.352,27.411,1.678,-74.785,-11.078,-81.707,1.899,-43.141,23.382,-20.014,1.121,-30.571,53.355,-50.924,0.621,11.566,-28659.200,4999860.224
-9.268,-13.167,1.369,48.629,-31.174,22.960,1.678,-79.965,10.846,-6.606,1.565,-25.975,149.190,-31.754,0.273,64.193,25038.400,7094461.952
-101.487,-84.580,0.872,-74.334,-177.590,-55.785,0.734,-67.394,-107.419,-84.865,0.465,28.509,16.454,69.874,0.863,-28.505,-30194.000,4149728.256
15.877,3.023,1.560,-37.905,2.332,37.314,0.292,-61.964,6.751,32.592,1.716,-5.903,-11.786,48.312,0.103,2.541,-19400.000,3362726.656
172.178,8.146,0.021,-65.588,25.073,-11.088,1.646,-50.552,-18.262,-32.695,1.630,59.875,5.547,-89.505,1.983,15.289,-24328.700,7965836.288
9.367,-76.873,1.467,-8.139,53.218,81.526,1.726,64.165,-56.705,-53.126,0.458,-40.050,72.776,-35.309,0.584,44.576,20755.900,7998733.312
-96.730,82.476,1.641,70.540,5.332,33.438,0.084,76.822,60.232,-65.877,0.314,-64.974,88.532,-87.600,0.681,-86.667,19703.600,4936900.608
-113.653,-8.712,0.601,61.058,7.398,-49.531,1.807,21.492,-64.271,60.896,0.417,-85.302,-140.382,-54.049,1.598,-74.410,24077.200,4293295.104
-39.680,-83.695,1.844,-63.660,-181.105,61.654,0.229,-44.522,-5.760,55.598,1.980,17.745,-45.969,57.437,0.947,56.034,-20733.700,8945084.416
-33.487,37.042,0.931,-49.444,-27.605,85.342,0.182,43.035,155.226,-64.233,0.226,-78.792,-5.870,18.867,1.986,18.441,-21937.100,7091346.944
-175.652,-15.271,0.094,-39.286,-42.351,36.570,0.737,-20.338,-34.008,87.751,0.787,-13.750,140.583,40.001,1.815,76.008,-17331.700,4501484.544
-48.361,-4.570,0.683,-19.382,-120.224,-50.036,0.171,-75.956,31.050,-62.561,1.469,-71.209,65.191,-4.678,1.575,64.612,-21529.500,5295926.784
6.839,78.751,1.915,-22.485,18.801,15.996,1.091,-17.753,-64.518,15.013,1.360,-75.751,-128.374,1.236,0.333,-74.023,15727.800,2287459.328
34.142,5.608,0.800,16.373,9.183,-9.204,1.527,14.319,170.326,29.676,0.022,-15.096,-40.737,-59.303,0.738,-17.865,11701.400,4268317.184
-31.533,69.855,1.313,46.520,-9.972,-11.268,1.556,-21.641,-8.318,35.768,0.529,-68.475,189.082,-9.697,1.535,81.039,19880.000,6914494.464
14.521,49.931,1.945,45.349,71.784,72.122,0.138,35.762,-12.866,18.801,1.499,29.425,13.264,-73.619,1.268,-13.810,16443.300,5396004.352
29.815,19.655,0.600,-18.339,94.609,-80.758,0.212,89.424,100.683,-41.522,0.674,-79.722,13.589,15.835,1.242,12.642,-25404.200,3436574.208
106.049,-40.071,0.886,-58.581,7.320,43.640,1.646,-5.613,-61.555,3.521,0.012,-24.883,-11.343,34.344,1.345,10.411,-21467.400,4000435.200
25.846,83.337,1.967,-56.697,72.059,64.798,0.620,30.748,-24.247,-32.343,1.443,-45.190,-7.450,79.119,1.918,26.613,-17247.300,5968284.672
19.623,64.880,0.894,-75.531,143.190,-4.811,0.376,-11.409,-45.595,38.456,1.385,-64.738,81.211,73.117,0.663,86.284,-24211.000,3257649.664
-23.453,0.244,1.675,-50.167,1.911,-21.030,0.488,-77.161,-12.361,-30.509,1.775,-38.253,82.763,49.311,0.876,52.980,-21499.800,8007654.912
-13.392,11.611,1.864,41.572,7.493,9.033,1.682,13.224,-149.069,1.856,0.035,44.459,-51.155,-22.954,0.899,42.175,14992.700,3334598.400
-13.624,-46.158,1.198,-0.213,-13.309,-87.187,1.261,-13.504,14.234,-89.573,1.332,-23.347,-2.006,-32.891,0.268,-73.284,11101.100,2614154.496
104.678,-73.768,0.530,-38.157,36.828,82.987,1.150,-56.109,-12.213,-45.612,1.406,78.928,-10.369,-78.025,0.383,-39.547,20466.600,4489620.480
10.980,-12.128,1.348,-6.930,-103.391,-27.508,1.386,74.163,113.270,19.457,0.110,-28.614,110.300,-66.262,0.624,-80.369,17355.100,3648284.928
8.023,32.541,1.561,0.550,95.203,-62.507,1.939,72.899,-34.898,-55.575,0.274,-15.928,26.567,-34.675,0.901,-52.789,17988.900,5474377.728
102.411,-41.155,1.819,74.107,-48.924,-5.393,0.645,10.284,-110.041,-13.326,0.329,-48.469,-11.471,-25.635,1.753,-68.214,26352.200,6343119.360
-19.700,85.047,0.998,2.982,39.009,67.807,1.243,-58.614,-33.509,-64.694,1.015,-36.151,54.636,-44.788,0.604,-7.281,-18104.100,3503196.672
14.380,-43.005,1.279,20.182,-162.774,28.508,0.298,11.952,27.011,-4.027,0.394,-2.112,-32.825,-88.022,0.977,33.390,-12367.900,3521408.000
-15.421,16.597,1.395,30.791,16.930,-19.301,0.756,32.804,-26.634,62.453,0.052,35.310,-71.796,-42.236,0.529,8.861,14687.800,3814131.712
-21.650,38.587,0.439,-34.899,198.061,59.457,0.704,74.826,68.478,84.387,0.589,54.825,-122.837,52.153,1.434,71.875,21647.900,5700320.256
-27.418,-50.091,0.843,34.325,16.496,60.889,1.814,-46.035,-84.676,72.393,1.429,-66.336,29.251,-48.505,1.672,73.693,-22919.200,8981594.112
-130.078,-5.881,0.495,64.232,-3.839,69.362,1.839,38.535,48.729,4.053,0.646,-10.352,88.785,-37.503,1.793,-71.105,22060.300,7518136.832
-63.047,-54.224,1.465,68.886,-17.747,51.445,1.205,25.077,-6.379,-17.403,1.771,-7.209,-165.199,77.558,1.184,-88.622,24437.300,3961827.072
48.443,73.871,0.417,-40.076,-6.078,17.700,1.794,-1.012,124.934,8.014,0.483,-47.056,-129.152,-54.745,0.450,-81.321,-16099.400,4011290.880
-31.891,35.460,0.832,-17.152,-85.742,2.607,0.580,-33.088,-102.595,-85.399,0.962,60.287,-54.994,27.329,0.392,-70.317,16644.400,5920922.112
-30.331,-53.841,0.827,11.893,-18.491,-53.894,1.447,-37.894,31.196,-58.425,0.923,-27.090,-103.117,-17.406,1.880,-74.692,-15880.400,4553255.424
-44.146,-68.322,1.376,-61.523,6.992,80.170,0.636,-31.734,135.878,71.465,0.689,-82.625,108.318,-88.997,0.725,52.168,-20286.200,7065609.728
6.343,12.950,1.978,22.340,-119.056,30.611,0.966,-84.112,-112.666,61.243,0.983,62.739,-6.031,-46.069,1.513,-45.247,26676.800,7402307.584
32.299,-11.370,0.352,-26.788,-37.827,-88.880,1.915,67.792,171.691,41.764,0.443,42.054,17.279,-27.706,0.495,-14.682,21994.200,4973263.872
182.385,-18.309,0.058,-69.320,152.846,-39.157,1.248,71.752,-98.619,32.432,0.234,-74.206,-80.653,-82.350,0.345,-55.594,-23469.000,5361218.560
46.437,-50.448,0.771,29.319,-13.439,51.018,1.891,-43.325,-105.199,-26.175,0.149,17.927,-41.978,47.984,0.514,83.666,-19959.400,6200776.192
-17.461,-9.161,1.717,65.596,-102.614,-12.907,0.055,-28.780,-30.638,69.771,1.285,66.848,-36.902,22.222,1.319,50.021,20318.300,5308397.056
27.139,-84.878,0.958,23.922,-11.940,57.567,1.319,-11.830,33.497,-48.842,1.057,38.219,133.793,53.805,1.297,-82.866,15262.100,5232003.584
159.656,63.917,0.045,15.361,-139.712,-42.474,0.914,-72.963,5.631,73.439,1.986,-16.831,29.398,-76.689,0.988,29.926,-20562.700,5292037.632
-84.668,-48.012,0.443,39.808,74.105,0.478,0.522,-10.005,9.273,-38.656,1.506,12.311,-26.657,-13.483,1.421,-46.647,14879.400,6573887.488
1.218,45.510,0.134,-25.278,-91.595,-51.473,1.610,-69.541,-108.216,-60.959,0.805,71.262,187.721,60.937,0.070,-10.212,25525.800,4523892.736
-14.824,-82.351,1.169,9.149,-48.010,-87.928,0.671,16.356,-9.616,-23.495,1.710,48.718,-147.689,87.928,0.103,-43.249,14048.700,7576169.472
6.066,-64.145,1.832,-73.051,-163.389,-7.373,1.750,-86.479,-34.627,68.881,0.759,7.008,16.966,-50.689,1.842,47.463,-23264.100,4392055.296
61.436,-33.001,0.324,-82.458,93.809,-55.668,0.458,-4.596,2.849,75.307,1.287,-52.007,114.905,-74.932,0.307,46.213,-28210.800,7034083.328
128.486,47.686,0.391,-3.400,-15.103,84.333,1.003,33.871,-42.314,-51.283,1.214,63.120,-5.014,-65.130,1.393,-89.070,17683.300,5174850.560
132.371,-75.211,0.465,77.167,-25.778,14.105,1.307,-42.290,-145.291,-80.721,0.359,-32.119,73.270,39.194,0.460,83.395,20889.400,4191709.696
194.051,-21.379,0.253,-29.140,28.511,11.390,0.909,21.071,197.568,-18.201,1.689,88.971,58.724,-35.651,0.631,21.893,-15622.300,3859424.512
-23.982,24.456,0.923,-10.263,12.192,-83.230,1.806,-38.710,-70.175,54.689,1.171,-58.670,-167.260,-38.648,1.093,-84.973,-15477.900,3507523.584
13.361,50.282,1.691,37.723,-17.582,46.859,1.708,47.785,-81.839,82.805,1.003,-89.946,18.721,76.968,1.159,-23.513,19512.500,7223339.520
16.354,-24.081,1.184,75.323,34.109,62.173,0.799,28.665,27.057,26.595,1.137,-35.924,6.072,-19.753,1.984,20.771,32887.500,6756067.840
43.079,67.895,1.444,70.407,137.828,-64.937,1.295,-88.048,-13.687,-77.976,1.730,-39.528,-29.732,59.303,1.903,57.248,25461.000,6611659.264
-15.253,-59.315,1.212,17.249,-11.936,-75.254,1.513,-27.286,5.192,-86.628,1.942,1.695,-105.785,68.288,0.955,-61.999,15103.700,4653705.728
113.564,-7.666,0.692,-76.913,13.490,-71.188,1.351,22.145,-41.259,51.362,0.838,-30.732,-47.358,-69.126,0.006,-37.982,-33182.200,6393993.216
-15.445,-58.638,0.505,-45.915,14.457,-47.815,1.489,32.138,-15.950,33.617,1.302,27.013,-141.419,-3.029,1.072,-67.974,-16866.100,6896363.008
-112.956,86.895,0.411,-52.979,52.481,7.665,0.392,70.179,-77.244,-55.232,1.569,78.076,-183.998,24.162,0.038,-16.403,24591.300,4471165.952
-15.683,-71.445,1.781,-43.188,50.734,-73.869,0.837,66.236,102.929,-2.986,0.309,32.016,-145.323,58.485,0.478,50.621,-25024.400,8590876.672
-193.563,-43.995,1.747,78.998,-114.591,-26.602,0.472,-66.404,-23.114,-15.807,1.635,-60.023,15.016,-72.613,1.606,37.192,-29026.900,7241764.352
-3.754,61.064,1.546,-77.593,7.584,-38.033,1.629,8.172,8.806,-73.580,1.896,32.214,46.028,-40.594,0.137,56.182,-22492.400,4796633.088
-102.839,-67.827,0.258,50.968,113.318,12.247,0.891,-59.854,-7.130,64.718,1.822,-20.032,-8.257,-60.847,1.766,-24.498,25958.300,7898524.672
20.547,-28.048,1.009,-12.686,59.641,47.600,1.197,-80.737,-11.060,11.346,1.551,-26.125,38.109,24.734,1.780,59.615,24770.900,5214205.440
64.927,-16.152,0.608,-63.624,17.448,78.275,1.070,-7.008,-6.726,14.046,1.715,-4.978,-68.021,-79.100,0.870,-76.667,-20572.100,2354078.976
-47.613,-76.341,0.643,4.592,-149.868,-43.958,0.088,24.247,27.762,-35.157,1.847,56.214,7.295,-28.507,1.941,27.189,-14514.100,3600480.512
-115.975,18.722,0.866,88.853,3.090,74.845,0.814,-51.738,126.086,-29.416,1.480,86.785,160.045,47.521,0.653,75.323,24900.200,4388133.376
16.943,59.078,1.105,-11.437,-71.045,5.613,1.072,86.079,7.499,-59.798,1.619,-3.452,25.340,-71.088,0.840,58.866,22477.000,3319343.360
70.400,-8.506,1.848,-71.464,186.948,88.409,0.228,57.094,103.792,81.348,1.743,-72.341,-194.349,-30.401,1.857,88.750,-21685.600,5575115.264
-27.661,8.065,1.872,55.669,194.015,-16.191,0.025,59.779,-107.137,59.707,0.604,43.645,-48.645,32.505,1.253,54.324,14879.900,2980057.088
52.717,88.686,0.628,-55.629,85.155,32.012,0.155,-88.819,-164.576,-71.574,0.886,73.607,64.398,-6.565,0.276,38.437,-22653.500,7059976.192
162.055,6.849,1.513,84.856,11.445,-82.100,1.560,-26.908,29.961,-57.502,0.869,-18.915,-8.281,-63.752,1.561,-8.031,22908.300,2589191.424
-29.366,-47.221,1.362,-46.635,-12.264,-28.746,0.717,80.058,176.070,45.501,0.083,-53.361,70.627,70.065,1.404,-63.289,22408.900,4909321.728
97.905,78.011,1.337,-66.993,-17.297,58.124,1.988,-50.176,-121.120,-40.976,0.414,80.637,-35.186,26.658,0.412,14.415,-23331.800,5891734.528
-29.057,-86.870,1.091,-36.247,172.284,74.157,0.269,-54.130,-59.977,-0.516,1.356,83.770,25.670,55.548,0.923,16.103,-21818.600,6238458.880
-105.403,2.123,1.797,73.008,-97.672,-11.902,0.408,87.534,58.346,-28.140,0.756,40.680,-27.272,63.028,0.852,-5.487,33001.700,3728552.960
-64.008,42.670,1.150,56.611,56.297,39.932,1.436,60.594,-40.492,6.491,1.073,-44.544,7.448,-84.276,1.959,-27.641,17929.500,7320690.688
18.523,62.862,1.138,-21.784,-42.515,4.967,1.686,62.709,-13.263,49.810,1.255,-11.979,-81.380,-52.418,1.186,61.816,17343.500,3950449.920
74.990,29.128,0.746,-43.810,134.546,-45.247,0.336,-34.305,-16.527,58.962,1.415,-34.009,-12.714,3.918,1.627,33.892,-18570.600,8081380.352
-177.905,-13.650,0.212,-42.255,8.708,27.079,0.003,-37.014,37.651,-30.966,1.397,70.312,34.838,35.519,0.806,-19.168,-22442.600,5277159.424
93.035,3.738,1.633,-69.979,106.486,-40.535,0.552,-83.245,77.312,16.635,1.172,-81.054,37.254,-62.328,1.008,40.960,-19134.800,4051549.696
-197.237,-70.194,0.117,62.334,-187.388,63.821,0.307,39.436,6.802,77.316,1.791,15.461,-17.718,-31.735,1.125,17.777,24532.800,2896571.648
-40.626,-73.040,0.807,27.415,-23.697,-47.232,1.541,-47.260,-78.188,-14.241,0.853,-50.690,-150.024,-69.836,0.545,48.800,-17050.700,7590178.304
-8.335,21.279,1.707,21.475,-147.527,15.386,0.030,-67.900,99.158,-34.515,0.270,-20.886,195.126,14.756,1.696,-84.825,-20781.700,3933124.352
128.320,10.024,1.051,70.958,10.216,22.942,1.383,0.425,122.816,21.592,0.816,73.170,173.163,-53.219,0.369,-35.845,18793.800,2629918.208
150.345,-30.285,1.888,-87.174,-177.256,-17.816,0.066,-61.571,19.778,-7.269,0.514,33.865,33.786,65.435,0.782,-11.783,-33970.700,6084329.472
172.613,28.024,1.218,-74.105,-23.788,38.129,1.470,45.245,36.918,17.106,0.733,-5.930,-63.089,-0.129,0.152,-31.937,35003.400,7600745.984
27.078,-36.103,1.627,-51.502,14.205,35.480,1.276,19.538,-31.853,-82.647,0.212,4.194,-21.307,84.411,1.701,87.990,-17843.600,4781036.544
-10.589,54.592,1.476,18.557,8.538,-31.755,1.598,-15.627,-167.284,55.934,0.123,-49.328,-187.962,50.320,0.093,-47.730,-16178.200,5489972.224
6.461,42.215,1.813,-13.065,47.899,1.847,1.167,-85.790,77.970,39.433,1.667,68.422,-9.702,44.431,1.456,-10.602,22272.100,3268554.752
11.861,71.561,0.977,35.402,6.484,-76.111,1.858,17.308,142.384,27.495,0.299,52.897,197.497,-50.100,0.021,69.415,14471.400,2978560.512
48.994,80.915,1.115,-83.627,-78.274,-32.814,0.280,-78.972,-84.954,-23.033,0.461,18.737,7.760,-15.241,1.587,0.056,-25402.300,2070245.504
99.088,40.014,0.108,87.528,-107.533,-23.981,0.358,78.114,23.014,-10.280,0.937,8.751,-32.397,43.704,0.929,28.878,-27746.500,2634246.400
179.573,-84.360,0.363,76.013,44.561,-18.090,1.908,64.002,35.037,24.538,0.783,15.352,0.385,5.295,1.894,39.055,-28843.000,3097737.984
73.921,-35.883,1.535,67.057,7.276,-30.084,1.953,27.577,-114.867,-84.326,0.429,-9.755,148.978,86.026,0.585,-50.423,22727.500,8737330.176
21.090,-89.296,1.517,44.010,75.383,49.174,0.878,50.886,-39.380,-21.805,0.167,36.364,69.857,-58.221,0.823,-57.307,13665.800,7535074.304
-7.313,-61.915,0.576,-89.081,-16.367,-85.939,1.226,-22.204,131.762,89.031,0.618,-83.798,-15.538,-80.399,0.177,-44.638,22651.500,3045412.096
-13.762,66.435,1.492,-31.451,9.039,-1.057,1.478,4.925,5.146,-67.264,0.548,13.750,-142.384,66.304,0.424,-36.164,-14504.000,4893397.504
-167.498,21.936,0.083,-4.887,-27.271,-56.827,1.033,-30.136,13.095,9.402,1.225,3.508,38.374,-36.172,1.364,-52.544,-13695.900,3752542.464
197.365,-2.256,0.167,54.226,-129.141,21.417,0.075,48.962,130.362,-75.377,0.523,52.688,106.489,37.596,0.571,-60.507,15277.300,7972852.736
-9.760,59.774,1.078,40.523,-43.882,-54.060,1.716,-64.364,53.019,-87.949,1.524,60.873,-48.270,67.607,0.690,-20.330,27741.800,8258341.376
-95.084,47.234,0.902,-61.958,32.048,-1.964,1.417,-49.858,-60.159,39.961,1.860,-67.239,-30.602,46.185,0.192,-3.781,-20478.800,3038140.928
-21.468,-2.999,0.955,-1.829,-53.491,23.982,1.761,81.995,-86.381,44.312,0.182,-70.482,63.692,32.051,1.335,60.729,-24199.700,4816899.584
145.387,-60.523,1.252,82.016,-66.631,-34.167,0.543,-7.857,-68.842,51.432,0.657,50.671,-178.089,-47.317,0.120,42.676,-31730.000,4990327.808
-59.047,53.384,0.485,26.450,117.747,65.672,0.593,55.489,61.224,-51.664,1.200,-57.134,75.264,-86.786,0.794,63.130,17010.900,8050872.320
-154.558,75.938,0.184,53.106,-132.919,34.500,0.115,-43.824,-66.656,47.825,1.576,-75.871,-134.170,28.799,0.075,-55.214,22175.600,8665021.440
124.814,-38.972,0.219,14.064,-184.000,77.060,1.341,-81.046,5.577,-38.388,1.872,-0.528,40.194,-57.398,1.224,-49.118,-26718.400,5210755.072
-120.918,-79.575,0.014,60.802,86.820,-66.543,0.764,-53.150,9.382,31.157,1.679,24.833,-199.782,71.338,0.962,-78.637,28121.400,7280775.680
-108.648,31.673,0.154,82.512,-0.637,-84.476,1.777,37.228,-133.701,53.409,0.489,-88.176,10.760,80.315,1.636,-29.096,29853.200,6301697.536
82.747,-0.158,1.762,-82.070,-22.277,-41.581,0.611,86.466,20.498,23.253,1.238,49.485,-12.417,-12.316,1.383,-20.586,36059.700,5521975.808
-7.128,74.623,1.671,-6.401,75.799,-25.698,0.508,2.668,50.538,29.145,0.087,57.236,5.979,12.196,1.148,20.238,-14865.600,3652204.032
-16.464,-82.189,1.430,-34.519,42.121,78.900,0.682,-2.121,-92.114,-72.680,0.636,-41.641,-32.042,36.916,0.292,-34.623,-14931.100,3543438.848
-29.202,26.811,1.611,52.065,32.354,44.765,0.782,5.700,32.549,66.636,1.271,58.752,20.362,73.898,1.475,-41.754,16863.900,7732325.888
10.377,10.948,1.573,-23.841,-61.176,53.968,0.327,51.875,-49.800,67.029,1.098,76.778,5.147,2.708,1.956,3.975,21618.100,4748546.560
-60.264,82.085,0.237,11.009,8.236,-64.142,1.580,10.311,-90.716,-5.704,0.132,83.565,62.757,57.472,1.202,78.404,-13783.800,1939557.888
33.066,14.225,1.320,47.678,150.826,86.775,0.861,-69.383,19.023,-68.816,1.106,19.964,8.722,7.032,1.717,-65.185,-25388.600,5520560.640
-17.736,51.870,1.063,7.648,-8.747,8.163,0.848,-57.612,124.513,-78.851,0.989,-64.201,-50.654,-43.657,1.495,-59.817,-16019.800,3195620.096
10.657,-57.327,0.334,65.361,104.827,-36.271,1.846,-73.948,31.816,76.080,0.883,23.756,5.517,83.250,1.031,84.958,-29215.800,4364848.640
-13.632,56.314,1.740,-66.163,21.452,-67.119,1.971,53.291,15.421,6.323,1.603,-61.914,69.519,-15.664,0.594,25.068,-24023.700,6883182.592
-182.362,-22.419,0.373,86.029,-91.927,71.876,1.053,-61.764,-23.619,-52.989,0.910,0.426,-7.175,81.671,1.664,6.124,-31760.100,3420014.336
-1.687,73.261,0.730,-55.210,22.967,41.582,1.183,79.467,22.154,57.498,0.952,-8.029,-176.079,41.592,0.207,-21.915,29339.500,4304710.656
-25.478,16.923,0.517,42.584,-33.825,-59.117,1.110,58.937,13.168,22.408,0.558,75.450,-12.604,89.064,1.848,-40.717,16085.300,7915582.464
58.929,-88.436,0.193,-60.186,66.750,46.090,0.351,54.342,-1.026,63.582,1.066,23.035,26.311,-21.094,1.056,-30.592,-29260.600,9506420.736
-108.475,-31.660,0.040,-30.071,-53.064,-14.478,0.976,46.666,161.580,43.681,1.151,-77.911,-120.706,9.783,1.106,66.171,24043.300,8006782.464
-65.869,38.252,1.913,79.803,-96.972,33.116,0.446,26.155,15.548,-44.199,1.834,45.211,-69.900,-6.280,0.047,69.863,-23796.300,2998256.384
185.839,69.149,0.295,-79.013,-15.643,-77.766,1.130,6.985,-111.055,-1.461,1.121,65.192,-33.085,1.746,1.802,-58.296,-28990.800,5827716.096
82.541,23.238,1.028,58.243,91.107,-35.038,0.244,-63.841,-14.306,-12.206,1.985,46.612,-57.364,62.597,0.673,67.520,22855.300,7754777.088
107.899,-28.627,0.562,-79.795,-64.146,25.411,1.409,-75.344,-53.772,-81.590,0.316,85.217,9.135,-18.969,1.465,2.779,-26036.800,2386069.760
-12.758,-33.895,1.588,33.008,-23.198,-61.698,1.366,-40.832,12.271,-69.459,1.945,-42.452,97.001,29.577,0.326,-26.234,19913.400,8473721.856
39.518,-77.609,0.307,86.914,-6.939,-2.584,0.425,82.412,172.659,11.903,0.245,-84.870,-18.794,21.650,1.025,-4.722,26914.300,1926237.696
5.138,33.534,1.987,-8.566,46.756,-69.670,0.988,43.974,-8.197,-42.456,1.587,11.035,-193.519,-82.114,0.255,-0.286,14680.800,4828539.904
-57.316,-66.081,0.712,31.862,-88.482,-8.260,0.931,84.302,24.669,-11.417,1.033,38.714,42.383,86.163,0.758,23.282,-20464.300,2878939.648
72.184,-55.770,0.544,-15.972,-8.394,88.992,1.740,-23.432,-6.690,-24.706,1.906,21.570,-10.679,75.801,1.734,31.677,-12863.800,6329962.496
13.583,30.204,1.264,-15.268,-151.929,69.696,0.947,69.311,77.017,-76.212,1.647,88.511,166.734,11.407,1.303,-86.395,18820.000,3062088.192
78.579,-80.475,1.651,-85.375,-112.213,-22.938,0.440,-18.322,129.420,86.548,0.709,-55.564,17.430,-8.578,1.060,-2.366,28457.300,3454122.496
-91.464,-25.861,0.727,-48.000,41.385,39.735,0.100,76.923,-3.171,-37.223,1.540,-40.886,12.881,-86.058,0.757,35.633,-27646.500,9266479.104
111.325,44.408,0.666,49.942,32.276,-50.527,0.812,-14.438,5.344,46.353,1.926,5.692,171.238,19.911,1.283,80.006,15177.000,4103660.800
-9.803,-64.781,1.414,2.325,61.970,81.961,0.562,-2.716,8.087,0.067,0.411,-60.801,110.761,-24.059,1.657,72.488,-15689.100,4988024.832
-56.484,-16.793,0.785,-64.584,-76.519,18.125,0.187,40.086,-6.578,-66.609,1.959,-22.548,36.958,-67.536,0.242,-32.759,-29968.800,8293138.944
168.757,-25.647,0.028,8.449,29.357,-69.307,0.691,64.831,71.202,36.963,0.351,-86.482,-52.561,-55.635,0.163,-78.074,21282.600,3582636.288
-6.908,83.573,1.943,25.054,31.556,-73.174,1.026,-34.723,-18.691,79.143,0.070,30.252,148.460,-1.326,0.709,-66.233,-17917.100,7206952.960
-19.034,-51.501,1.293,-33.027,-16.562,56.091,1.666,41.468,9.485,85.689,0.726,-32.805,52.893,13.712,0.501,7.713,-22336.200,8737167.360
20.341,89.555,0.277,-88.706,-5.957,54.018,1.971,19.139,8.400,-47.485,1.804,25.982,-43.375,54.831,0.215,10.073,-21732.000,2313146.880
-24.083,4.468,1.232,36.891,-125.757,20.249,1.122,-71.272,-101.682,80.466,1.319,67.270,-94.104,-10.741,0.431,1.959,-28516.800,5713931.264
-18.345,-19.800,1.038,5.217,7.609,-78.712,1.874,-25.637,-14.798,-49.755,0.374,10.105,9.312,-26.508,1.515,13.854,-12756.400,4143940.864
-64.509,57.324,0.632,-27.338,-7.414,-59.336,1.625,1.859,61.666,-19.991,0.585,81.997,-20.811,8.215,1.548,43.853,-17352.600,4617006.080
4.302,-37.491,1.428,59.696,-199.366,26.338,0.234,-48.279,-117.021,-8.386,0.190,-54.427,22.352,17.734,1.136,79.289,21439.500,8151009.792
