Theta1,Theta2,Theta3,Theta4,Theta5,Theta6,Theta7,Theta8,Theta9,Theta10,Theta11,Theta12,Theta13,Theta14,Theta15,Theta16,Theta17,Theta18,Theta19,Theta20,Theta21,Theta22,Theta23,Theta24,Theta25,Theta26,Theta27,Theta28,Theta29,Theta30,Theta31,Theta32,Theta33,Theta34,Theta35,Theta36,Theta37,Theta38,Theta39,Theta40,Theta41,Theta42,Theta43,Theta44,Theta45,Theta46,Theta47,Theta48,Theta49,Theta50,Theta51,Theta52,Theta53,Theta54,Theta55,Theta56,Theta57,Theta58,Theta59,Theta60,Theta61,Theta62,Theta63,Theta64,Theta65,Theta66,Theta67,Theta68,Theta69,Theta70
38.47,38.47,38.47,38.47,38.47,38.47,38.47,38.47,38.47,38.47,38.47,38.47,38.47,38.47,38.47,38.47,38.47,38.47,38.47,38.47,38.47,38.47,38.47,38.47,38.47,38.47,38.47,38.47,38.47,38.47,38.47,38.47,38.47,38.47,38.47,38.47,38.47,38.47,38.47,38.47,38.47,38.47,38.47,38.47,38.47,38.47,38.47,38.47,38.47,38.47,38.47,38.47,38.47,38.47,38.47,38.47,38.47,38.47,38.47,38.47,38.47,38.47,38.47,38.47,38.47,38.47,38.47,38.47,38.47,38.47
-73.93,-73.93,-73.93,-73.93,-73.93,-73.93,-73.93,-73.93,-73.93,-73.93,-73.93,-73.93,-73.93,-73.93,-73.93,-73.93,-73.93,-73.93,-73.93,-73.93,-73.93,-73.93,-73.93,-73.93,-73.93,-73.93,-73.93,-73.93,-73.93,-73.93,-73.93,-73.93,-73.93,-73.93,-73.93,-73.93,-73.93,-73.93,-73.93,-73.93,-73.93,-73.93,-73.93,-73.93,-73.93,-73.93,-73.93,-73.93,-73.93,-73.93,-73.93,-73.93,-73.93,-73.93,-73.93,-73.93,-73.93,-73.93,-73.93,-73.93,-73.93,-73.93,-73.93,-73.93,-73.93,-73.93,-73.93,-73.93,-73.93,-73.93
-63.77,-63.77,-63.77,-63.77,-63.77,-63.77,-63.77,-63.77,-63.77,-63.77,-63.77,-63.77,-63.77,-63.77,-63.77,-63.77,-63.77,-63.77,-63.77,-63.77,-63.77,-63.77,-63.77,-63.77,-63.77,-63.77,-63.77,-63.77,-63.77,-63.77,-63.77,-63.77,-63.77,-63.77,-63.77,-63.77,-63.77,-63.77,-63.77,-63.77,-63.77,-63.77,-63.77,-63.77,-63.77,-63.77,-63.77,-63.77,-63.77,-63.77,-63.77,-63.77,-63.77,-63.77,-63.77,-63.77,-63.77,-63.77,-63.77,-63.77,-63.77,-63.77,-63.77,-63.77,-63.77,-63.77,-63.77,-63.77,-63.77,-63.77
-43.52,-43.52,-43.52,-43.52,-43.52,-43.52,-43.52,-43.52,-43.52,-43.52,-43.52,-43.52,-43.52,-43.52,-43.52,-43.52,-43.52,-43.52,-43.52,-43.52,-43.52,-43.52,-43.52,-43.52,-43.52,-43.52,-43.52,-43.52,-43.52,-43.52,-43.52,-43.52,-43.52,-43.52,-43.52,-43.52,-43.52,-43.52,-43.52,-43.52,-43.52,-43.52,-43.52,-43.52,-43.52,-43.52,-43.52,-43.52,-43.52,-43.52,-43.52,-43.52,-43.52,-43.52,-43.52,-43.52,-43.52,-43.52,-43.52,-43.52,-43.52,-43.52,-43.52,-43.52,-43.52,-43.52,-43.52,-43.52,-43.52,-43.52
71.48,71.48,71.48,71.48,71.48,71.48,71.48,71.48,71.48,71.48,71.48,71.48,71.48,71.48,71.48,71.48,71.48,71.48,71.48,71.48,71.48,71.48,71.48,71.48,71.48,71.48,71.48,71.48,71.48,71.48,71.48,71.48,71.48,71.48,71.48,71.48,71.48,71.48,71.48,71.48,71.48,71.48,71.48,71.48,71.48,71.48,71.48,71.48,71.48,71.48,71.48,71.48,71.48,71.48,71.48,71.48,71.48,71.48,71.48,71.48,71.48,71.48,71.48,71.48,71.48,71.48,71.48,71.48,71.48,71.48
72.93,72.93,72.93,72.93,72.93,72.93,72.93,72.93,72.93,72.93,72.93,72.93,72.93,72.93,72.93,72.93,72.93,72.93,72.93,72.93,72.93,72.93,72.93,72.93,72.93,72.93,72.93,72.93,72.93,72.93,72.93,72.93,72.93,72.93,72.93,72.93,72.93,72.93,72.93,72.93,72.93,72.93,72.93,72.93,72.93,72.93,72.93,72.93,72.93,72.93,72.93,72.93,72.93,72.93,72.93,72.93,72.93,72.93,72.93,72.93,72.93,72.93,72.93,72.93,72.93,72.93,72.93,72.93,72.93,72.93
-23.71,-23.71,-23.71,-23.71,-23.71,-23.71,-23.71,-23.71,-23.71,-23.71,-23.71,-23.71,-23.71,-23.71,-23.71,-23.71,-23.71,-23.71,-23.71,-23.71,-23.71,-23.71,-23.71,-23.71,-23.71,-23.71,-23.71,-23.71,-23.71,-23.71,-23.71,-23.71,-23.71,-23.71,-23.71,-23.71,-23.71,-23.71,-23.71,-23.71,-23.71,-23.71,-23.71,-23.71,-23.71,-23.71,-23.71,-23.71,-23.71,-23.71,-23.71,-23.71,-23.71,-23.71,-23.71,-23.71,-23.71,-23.71,-23.71,-23.71,-23.71,-23.71,-23.71,-23.71,-23.71,-23.71,-23.71,-23.71,-23.71,-23.71
-69.45,-69.45,-69.45,-69.45,-69.45,-69.45,-69.45,-69.45,-69.45,-69.45,-69.45,-69.45,-69.45,-69.45,-69.45,-69.45,-69.45,-69.45,-69.45,-69.45,-69.45,-69.45,-69.45,-69.45,-69.45,-69.45,-69.45,-69.45,-69.45,-69.45,-69.45,-69.45,-69.45,-69.45,-69.45,-69.45,-69.45,-69.45,-69.45,-69.45,-69.45,-69.45,-69.45,-69.45,-69.45,-69.45,-69.45,-69.45,-69.45,-69.45,-69.45,-69.45,-69.45,-69.45,-69.45,-69.45,-69.45,-69.45,-69.45,-69.45,-69.45,-69.45,-69.45,-69.45,-69.45,-69.45,-69.45,-69.45,-69.45,-69.45
44.12,44.12,44.12,44.12,44.12,44.12,44.12,44.12,44.12,44.12,44.12,44.12,44.12,44.12,44.12,44.12,44.12,44.12,44.12,44.12,44.12,44.12,44.12,44.12,44.12,44.12,44.12,44.12,44.12,44.12,44.12,44.12,44.12,44.12,44.12,44.12,44.12,44.12,44.12,44.12,44.12,44.12,44.12,44.12,44.12,44.12,44.12,44.12,44.12,44.12,44.12,44.12,44.12,44.12,44.12,44.12,44.12,44.12,44.12,44.12,44.12,44.12,44.12,44.12,44.12,44.12,44.12,44.12,44.12,44.12
-3.83,-3.83,-3.83,-3.83,-3.83,-3.83,-3.83,-3.83,-3.83,-3.83,-3.83,-3.83,-3.83,-3.83,-3.83,-3.83,-3.83,-3.83,-3.83,-3.83,-3.83,-3.83,-3.83,-3.83,-3.83,-3.83,-3.83,-3.83,-3.83,-3.83,-3.83,-3.83,-3.83,-3.83,-3.83,-3.83,-3.83,-3.83,-3.83,-3.83,-3.83,-3.83,-3.83,-3.83,-3.83,-3.83,-3.83,-3.83,-3.83,-3.83,-3.83,-3.83,-3.83,-3.83,-3.83,-3.83,-3.83,-3.83,-3.83,-3.83,-3.83,-3.83,-3.83,-3.83,-3.83,-3.83,-3.83,-3.83,-3.83,-3.83
-5.91,-5.91,-5.91,-5.91,-5.91,-5.91,-5.91,-5.91,-5.91,-5.91,-5.91,-5.91,-5.91,-5.91,-5.91,-5.91,-5.91,-5.91,-5.91,-5.91,-5.91,-5.91,-5.91,-5.91,-5.91,-5.91,-5.91,-5.91,-5.91,-5.91,-5.91,-5.91,-5.91,-5.91,-5.91,-5.91,-5.91,-5.91,-5.91,-5.91,-5.91,-5.91,-5.91,-5.91,-5.91,-5.91,-5.91,-5.91,-5.91,-5.91,-5.91,-5.91,-5.91,-5.91,-5.91,-5.91,-5.91,-5.91,-5.91,-5.91,-5.91,-5.91,-5.91,-5.91,-5.91,-5.91,-5.91,-5.91,-5.91,-5.91
-79.24,-79.24,-79.24,-79.24,-79.24,-79.24,-79.24,-79.24,-79.24,-79.24,-79.24,-79.24,-79.24,-79.24,-79.24,-79.24,-79.24,-79.24,-79.24,-79.24,-79.24,-79.24,-79.24,-79.24,-79.24,-79.24,-79.24,-79.24,-79.24,-79.24,-79.24,-79.24,-79.24,-79.24,-79.24,-79.24,-79.24,-79.24,-79.24,-79.24,-79.24,-79.24,-79.24,-79.24,-79.24,-79.24,-79.24,-79.24,-79.24,-79.24,-79.24,-79.24,-79.24,-79.24,-79.24,-79.24,-79.24,-79.24,-79.24,-79.24,-79.24,-79.24,-79.24,-79.24,-79.24,-79.24,-79.24,-79.24,-79.24,-79.24
-87.65,-87.65,-87.65,-87.65,-87.65,-87.65,-87.65,-87.65,-87.65,-87.65,-87.65,-87.65,-87.65,-87.65,-87.65,-87.65,-87.65,-87.65,-87.65,-87.65,-87.65,-87.65,-87.65,-87.65,-87.65,-87.65,-87.65,-87.65,-87.65,-87.65,-87.65,-87.65,-87.65,-87.65,-87.65,-87.65,-87.65,-87.65,-87.65,-87.65,-87.65,-87.65,-87.65,-87.65,-87.65,-87.65,-87.65,-87.65,-87.65,-87.65,-87.65,-87.65,-87.65,-87.65,-87.65,-87.65,-87.65,-87.65,-87.65,-87.65,-87.65,-87.65,-87.65,-87.65,-87.65,-87.65,-87.65,-87.65,-87.65,-87.65
47.20,47.20,47.20,47.20,47.20,47.20,47.20,47.20,47.20,47.20,47.20,47.20,47.20,47.20,47.20,47.20,47.20,47.20,47.20,47.20,47.20,47.20,47.20,47.20,47.20,47.20,47.20,47.20,47.20,47.20,47.20,47.20,47.20,47.20,47.20,47.20,47.20,47.20,47.20,47.20,47.20,47.20,47.20,47.20,47.20,47.20,47.20,47.20,47.20,47.20,47.20,47.20,47.20,47.20,47.20,47.20,47.20,47.20,47.20,47.20,47.20,47.20,47.20,47.20,47.20,47.20,47.20,47.20,47.20,47.20
57.81,57.81,57.81,57.81,57.81,57.81,57.81,57.81,57.81,57.81,57.81,57.81,57.81,57.81,57.81,57.81,57.81,57.81,57.81,57.81,57.81,57.81,57.81,57.81,57.81,57.81,57.81,57.81,57.81,57.81,57.81,57.81,57.81,57.81,57.81,57.81,57.81,57.81,57.81,57.81,57.81,57.81,57.81,57.81,57.81,57.81,57.81,57.81,57.81,57.81,57.81,57.81,57.81,57.81,57.81,57.81,57.81,57.81,57.81,57.81,57.81,57.81,57.81,57.81,57.81,57.81,57.81,57.81,57.81,57.81
-28.62,-28.62,-28.62,-28.62,-28.62,-28.62,-28.62,-28.62,-28.62,-28.62,-28.62,-28.62,-28.62,-28.62,-28.62,-28.62,-28.62,-28.62,-28.62,-28.62,-28.62,-28.62,-28.62,-28.62,-28.62,-28.62,-28.62,-28.62,-28.62,-28.62,-28.62,-28.62,-28.62,-28.62,-28.62,-28.62,-28.62,-28.62,-28.62,-28.62,-28.62,-28.62,-28.62,-28.62,-28.62,-28.62,-28.62,-28.62,-28.62,-28.62,-28.62,-28.62,-28.62,-28.62,-28.62,-28.62,-28.62,-28.62,-28.62,-28.62,-28.62,-28.62,-28.62,-28.62,-28.62,-28.62,-28.62,-28.62,-28.62,-28.62
-55.20,-55.20,-55.20,-55.20,-55.20,-55.20,-55.20,-55.20,-55.20,-55.20,-55.20,-55.20,-55.20,-55.20,-55.20,-55.20,-55.20,-55.20,-55.20,-55.20,-55.20,-55.20,-55.20,-55.20,-55.20,-55.20,-55.20,-55.20,-55.20,-55.20,-55.20,-55.20,-55.20,-55.20,-55.20,-55.20,-55.20,-55.20,-55.20,-55.20,-55.20,-55.20,-55.20,-55.20,-55.20,-55.20,-55.20,-55.20,-55.20,-55.20,-55.20,-55.20,-55.20,-55.20,-55.20,-55.20,-55.20,-55.20,-55.20,-55.20,-55.20,-55.20,-55.20,-55.20,-55.20,-55.20,-55.20,-55.20,-55.20,-55.20
-42.70,-42.70,-42.70,-42.70,-42.70,-42.70,-42.70,-42.70,-42.70,-42.70,-42.70,-42.70,-42.70,-42.70,-42.70,-42.70,-42.70,-42.70,-42.70,-42.70,-42.70,-42.70,-42.70,-42.70,-42.70,-42.70,-42.70,-42.70,-42.70,-42.70,-42.70,-42.70,-42.70,-42.70,-42.70,-42.70,-42.70,-42.70,-42.70,-42.70,-42.70,-42.70,-42.70,-42.70,-42.70,-42.70,-42.70,-42.70,-42.70,-42.70,-42.70,-42.70,-42.70,-42.70,-42.70,-42.70,-42.70,-42.70,-42.70,-42.70,-42.70,-42.70,-42.70,-42.70,-42.70,-42.70,-42.70,-42.70,-42.70,-42.70
76.26,76.26,76.26,76.26,76.26,76.26,76.26,76.26,76.26,76.26,76.26,76.26,76.26,76.26,76.26,76.26,76.26,76.26,76.26,76.26,76.26,76.26,76.26,76.26,76.26,76.26,76.26,76.26,76.26,76.26,76.26,76.26,76.26,76.26,76.26,76.26,76.26,76.26,76.26,76.26,76.26,76.26,76.26,76.26,76.26,76.26,76.26,76.26,76.26,76.26,76.26,76.26,76.26,76.26,76.26,76.26,76.26,76.26,76.26,76.26,76.26,76.26,76.26,76.26,76.26,76.26,76.26,76.26,76.26,76.26
1.68,1.68,1.68,1.68,1.68,1.68,1.68,1.68,1.68,1.68,1.68,1.68,1.68,1.68,1.68,1.68,1.68,1.68,1.68,1.68,1.68,1.68,1.68,1.68,1.68,1.68,1.68,1.68,1.68,1.68,1.68,1.68,1.68,1.68,1.68,1.68,1.68,1.68,1.68,1.68,1.68,1.68,1.68,1.68,1.68,1.68,1.68,1.68,1.68,1.68,1.68,1.68,1.68,1.68,1.68,1.68,1.68,1.68,1.68,1.68,1.68,1.68,1.68,1.68,1.68,1.68,1.68,1.68,1.68,1.68
89.36,89.36,89.36,89.36,89.36,89.36,89.36,89.36,89.36,89.36,89.36,89.36,89.36,89.36,89.36,89.36,89.36,89.36,89.36,89.36,89.36,89.36,89.36,89.36,89.36,89.36,89.36,89.36,89.36,89.36,89.36,89.36,89.36,89.36,89.36,89.36,89.36,89.36,89.36,89.36,89.36,89.36,89.36,89.36,89.36,89.36,89.36,89.36,89.36,89.36,89.36,89.36,89.36,89.36,89.36,89.36,89.36,89.36,89.36,89.36,89.36,89.36,89.36,89.36,89.36,89.36,89.36,89.36,89.36,89.36
4.81,4.81,4.81,4.81,4.81,4.81,4.81,4.81,4.81,4.81,4.81,4.81,4.81,4.81,4.81,4.81,4.81,4.81,4.81,4.81,4.81,4.81,4.81,4.81,4.81,4.81,4.81,4.81,4.81,4.81,4.81,4.81,4.81,4.81,4.81,4.81,4.81,4.81,4.81,4.81,4.81,4.81,4.81,4.81,4.81,4.81,4.81,4.81,4.81,4.81,4.81,4.81,4.81,4.81,4.81,4.81,4.81,4.81,4.81,4.81,4.81,4.81,4.81,4.81,4.81,4.81,4.81,4.81,4.81,4.81
6.93,6.93,6.93,6.93,6.93,6.93,6.93,6.93,6.93,6.93,6.93,6.93,6.93,6.93,6.93,6.93,6.93,6.93,6.93,6.93,6.93,6.93,6.93,6.93,6.93,6.93,6.93,6.93,6.93,6.93,6.93,6.93,6.93,6.93,6.93,6.93,6.93,6.93,6.93,6.93,6.93,6.93,6.93,6.93,6.93,6.93,6.93,6.93,6.93,6.93,6.93,6.93,6.93,6.93,6.93,6.93,6.93,6.93,6.93,6.93,6.93,6.93,6.93,6.93,6.93,6.93,6.93,6.93,6.93,6.93
-25.37,-25.37,-25.37,-25.37,-25.37,-25.37,-25.37,-25.37,-25.37,-25.37,-25.37,-25.37,-25.37,-25.37,-25.37,-25.37,-25.37,-25.37,-25.37,-25.37,-25.37,-25.37,-25.37,-25.37,-25.37,-25.37,-25.37,-25.37,-25.37,-25.37,-25.37,-25.37,-25.37,-25.37,-25.37,-25.37,-25.37,-25.37,-25.37,-25.37,-25.37,-25.37,-25.37,-25.37,-25.37,-25.37,-25.37,-25.37,-25.37,-25.37,-25.37,-25.37,-25.37,-25.37,-25.37,-25.37,-25.37,-25.37,-25.37,-25.37,-25.37,-25.37,-25.37,-25.37,-25.37,-25.37,-25.37,-25.37,-25.37,-25.37
-69.19,-69.19,-69.19,-69.19,-69.19,-69.19,-69.19,-69.19,-69.19,-69.19,-69.19,-69.19,-69.19,-69.19,-69.19,-69.19,-69.19,-69.19,-69.19,-69.19,-69.19,-69.19,-69.19,-69.19,-69.19,-69.19,-69.19,-69.19,-69.19,-69.19,-69.19,-69.19,-69.19,-69.19,-69.19,-69.19,-69.19,-69.19,-69.19,-69.19,-69.19,-69.19,-69.19,-69.19,-69.19,-69.19,-69.19,-69.19,-69.19,-69.19,-69.19,-69.19,-69.19,-69.19,-69.19,-69.19,-69.19,-69.19,-69.19,-69.19,-69.19,-69.19,-69.19,-69.19,-69.19,-69.19,-69.19,-69.19,-69.19,-69.19
-0.10,-0.10,-0.10,-0.10,-0.10,-0.10,-0.10,-0.10,-0.10,-0.10,-0.10,-0.10,-0.10,-0.10,-0.10,-0.10,-0.10,-0.10,-0.10,-0.10,-0.10,-0.10,-0.10,-0.10,-0.10,-0.10,-0.10,-0.10,-0.10,-0.10,-0.10,-0.10,-0.10,-0.10,-0.10,-0.10,-0.10,-0.10,-0.10,-0.10,-0.10,-0.10,-0.10,-0.10,-0.10,-0.10,-0.10,-0.10,-0.10,-0.10,-0.10,-0.10,-0.10,-0.10,-0.10,-0.10,-0.10,-0.10,-0.10,-0.10,-0.10,-0.10,-0.10,-0.10,-0.10,-0.10,-0.10,-0.10,-0.10,-0.10
-35.30,-35.30,-35.30,-35.30,-35.30,-35.30,-35.30,-35.30,-35.30,-35.30,-35.30,-35.30,-35.30,-35.30,-35.30,-35.30,-35.30,-35.30,-35.30,-35.30,-35.30,-35.30,-35.30,-35.30,-35.30,-35.30,-35.30,-35.30,-35.30,-35.30,-35.30,-35.30,-35.30,-35.30,-35.30,-35.30,-35.30,-35.30,-35.30,-35.30,-35.30,-35.30,-35.30,-35.30,-35.30,-35.30,-35.30,-35.30,-35.30,-35.30,-35.30,-35.30,-35.30,-35.30,-35.30,-35.30,-35.30,-35.30,-35.30,-35.30,-35.30,-35.30,-35.30,-35.30,-35.30,-35.30,-35.30,-35.30,-35.30,-35.30
34.78,34.78,34.78,34.78,34.78,34.78,34.78,34.78,34.78,34.78,34.78,34.78,34.78,34.78,34.78,34.78,34.78,34.78,34.78,34.78,34.78,34.78,34.78,34.78,34.78,34.78,34.78,34.78,34.78,34.78,34.78,34.78,34.78,34.78,34.78,34.78,34.78,34.78,34.78,34.78,34.78,34.78,34.78,34.78,34.78,34.78,34.78,34.78,34.78,34.78,34.78,34.78,34.78,34.78,34.78,34.78,34.78,34.78,34.78,34.78,34.78,34.78,34.78,34.78,34.78,34.78,34.78,34.78,34.78,34.78
-37.92,-37.92,-37.92,-37.92,-37.92,-37.92,-37.92,-37.92,-37.92,-37.92,-37.92,-37.92,-37.92,-37.92,-37.92,-37.92,-37.92,-37.92,-37.92,-37.92,-37.92,-37.92,-37.92,-37.92,-37.92,-37.92,-37.92,-37.92,-37.92,-37.92,-37.92,-37.92,-37.92,-37.92,-37.92,-37.92,-37.92,-37.92,-37.92,-37.92,-37.92,-37.92,-37.92,-37.92,-37.92,-37.92,-37.92,-37.92,-37.92,-37.92,-37.92,-37.92,-37.92,-37.92,-37.92,-37.92,-37.92,-37.92,-37.92,-37.92,-37.92,-37.92,-37.92,-37.92,-37.92,-37.92,-37.92,-37.92,-37.92,-37.92
-17.17,-17.17,-17.17,-17.17,-17.17,-17.17,-17.17,-17.17,-17.17,-17.17,-17.17,-17.17,-17.17,-17.17,-17.17,-17.17,-17.17,-17.17,-17.17,-17.17,-17.17,-17.17,-17.17,-17.17,-17.17,-17.17,-17.17,-17.17,-17.17,-17.17,-17.17,-17.17,-17.17,-17.17,-17.17,-17.17,-17.17,-17.17,-17.17,-17.17,-17.17,-17.17,-17.17,-17.17,-17.17,-17.17,-17.17,-17.17,-17.17,-17.17,-17.17,-17.17,-17.17,-17.17,-17.17,-17.17,-17.17,-17.17,-17.17,-17.17,-17.17,-17.17,-17.17,-17.17,-17.17,-17.17,-17.17,-17.17,-17.17,-17.17
22.94,22.94,22.94,22.94,22.94,22.94,22.94,22.94,22.94,22.94,22.94,22.94,22.94,22.94,22.94,22.94,22.94,22.94,22.94,22.94,22.94,22.94,22.94,22.94,22.94,22.94,22.94,22.94,22.94,22.94,22.94,22.94,22.94,22.94,22.94,22.94,22.94,22.94,22.94,22.94,22.94,22.94,22.94,22.94,22.94,22.94,22.94,22.94,22.94,22.94,22.94,22.94,22.94,22.94,22.94,22.94,22.94,22.94,22.94,22.94,22.94,22.94,22.94,22.94,22.94,22.94,22.94,22.94,22.94,22.94
-57.13,-57.13,-57.13,-57.13,-57.13,-57.13,-57.13,-57.13,-57.13,-57.13,-57.13,-57.13,-57.13,-57.13,-57.13,-57.13,-57.13,-57.13,-57.13,-57.13,-57.13,-57.13,-57.13,-57.13,-57.13,-57.13,-57.13,-57.13,-57.13,-57.13,-57.13,-57.13,-57.13,-57.13,-57.13,-57.13,-57.13,-57.13,-57.13,-57.13,-57.13,-57.13,-57.13,-57.13,-57.13,-57.13,-57.13,-57.13,-57.13,-57.13,-57.13,-57.13,-57.13,-57.13,-57.13,-57.13,-57.13,-57.13,-57.13,-57.13,-57.13,-57.13,-57.13,-57.13,-57.13,-57.13,-57.13,-57.13,-57.13,-57.13
31.05,31.05,31.05,31.05,31.05,31.05,31.05,31.05,31.05,31.05,31.05,31.05,31.05,31.05,31.05,31.05,31.05,31.05,31.05,31.05,31.05,31.05,31.05,31.05,31.05,31.05,31.05,31.05,31.05,31.05,31.05,31.05,31.05,31.05,31.05,31.05,31.05,31.05,31.05,31.05,31.05,31.05,31.05,31.05,31.05,31.05,31.05,31.05,31.05,31.05,31.05,31.05,31.05,31.05,31.05,31.05,31.05,31.05,31.05,31.05,31.05,31.05,31.05,31.05,31.05,31.05,31.05,31.05,31.05,31.05
-75.81,-75.81,-75.81,-75.81,-75.81,-75.81,-75.81,-75.81,-75.81,-75.81,-75.81,-75.81,-75.81,-75.81,-75.81,-75.81,-75.81,-75.81,-75.81,-75.81,-75.81,-75.81,-75.81,-75.81,-75.81,-75.81,-75.81,-75.81,-75.81,-75.81,-75.81,-75.81,-75.81,-75.81,-75.81,-75.81,-75.81,-75.81,-75.81,-75.81,-75.81,-75.81,-75.81,-75.81,-75.81,-75.81,-75.81,-75.81,-75.81,-75.81,-75.81,-75.81,-75.81,-75.81,-75.81,-75.81,-75.81,-75.81,-75.81,-75.81,-75.81,-75.81,-75.81,-75.81,-75.81,-75.81,-75.81,-75.81,-75.81,-75.81
-6.73,-6.73,-6.73,-6.73,-6.73,-6.73,-6.73,-6.73,-6.73,-6.73,-6.73,-6.73,-6.73,-6.73,-6.73,-6.73,-6.73,-6.73,-6.73,-6.73,-6.73,-6.73,-6.73,-6.73,-6.73,-6.73,-6.73,-6.73,-6.73,-6.73,-6.73,-6.73,-6.73,-6.73,-6.73,-6.73,-6.73,-6.73,-6.73,-6.73,-6.73,-6.73,-6.73,-6.73,-6.73,-6.73,-6.73,-6.73,-6.73,-6.73,-6.73,-6.73,-6.73,-6.73,-6.73,-6.73,-6.73,-6.73,-6.73,-6.73,-6.73,-6.73,-6.73,-6.73,-6.73,-6.73,-6.73,-6.73,-6.73,-6.73
27.79,27.79,27.79,27.79,27.79,27.79,27.79,27.79,27.79,27.79,27.79,27.79,27.79,27.79,27.79,27.79,27.79,27.79,27.79,27.79,27.79,27.79,27.79,27.79,27.79,27.79,27.79,27.79,27.79,27.79,27.79,27.79,27.79,27.79,27.79,27.79,27.79,27.79,27.79,27.79,27.79,27.79,27.79,27.79,27.79,27.79,27.79,27.79,27.79,27.79,27.79,27.79,27.79,27.79,27.79,27.79,27.79,27.79,27.79,27.79,27.79,27.79,27.79,27.79,27.79,27.79,27.79,27.79,27.79,27.79
16.64,16.64,16.64,16.64,16.64,16.64,16.64,16.64,16.64,16.64,16.64,16.64,16.64,16.64,16.64,16.64,16.64,16.64,16.64,16.64,16.64,16.64,16.64,16.64,16.64,16.64,16.64,16.64,16.64,16.64,16.64,16.64,16.64,16.64,16.64,16.64,16.64,16.64,16.64,16.64,16.64,16.64,16.64,16.64,16.64,16.64,16.64,16.64,16.64,16.64,16.64,16.64,16.64,16.64,16.64,16.64,16.64,16.64,16.64,16.64,16.64,16.64,16.64,16.64,16.64,16.64,16.64,16.64,16.64,16.64
11.54,11.54,11.54,11.54,11.54,11.54,11.54,11.54,11.54,11.54,11.54,11.54,11.54,11.54,11.54,11.54,11.54,11.54,11.54,11.54,11.54,11.54,11.54,11.54,11.54,11.54,11.54,11.54,11.54,11.54,11.54,11.54,11.54,11.54,11.54,11.54,11.54,11.54,11.54,11.54,11.54,11.54,11.54,11.54,11.54,11.54,11.54,11.54,11.54,11.54,11.54,11.54,11.54,11.54,11.54,11.54,11.54,11.54,11.54,11.54,11.54,11.54,11.54,11.54,11.54,11.54,11.54,11.54,11.54,11.54
-53.93,-53.93,-53.93,-53.93,-53.93,-53.93,-53.93,-53.93,-53.93,-53.93,-53.93,-53.93,-53.93,-53.93,-53.93,-53.93,-53.93,-53.93,-53.93,-53.93,-53.93,-53.93,-53.93,-53.93,-53.93,-53.93,-53.93,-53.93,-53.93,-53.93,-53.93,-53.93,-53.93,-53.93,-53.93,-53.93,-53.93,-53.93,-53.93,-53.93,-53.93,-53.93,-53.93,-53.93,-53.93,-53.93,-53.93,-53.93,-53.93,-53.93,-53.93,-53.93,-53.93,-53.93,-53.93,-53.93,-53.93,-53.93,-53.93,-53.93,-53.93,-53.93,-53.93,-53.93,-53.93,-53.93,-53.93,-53.93,-53.93,-53.93
-51.01,-51.01,-51.01,-51.01,-51.01,-51.01,-51.01,-51.01,-51.01,-51.01,-51.01,-51.01,-51.01,-51.01,-51.01,-51.01,-51.01,-51.01,-51.01,-51.01,-51.01,-51.01,-51.01,-51.01,-51.01,-51.01,-51.01,-51.01,-51.01,-51.01,-51.01,-51.01,-51.01,-51.01,-51.01,-51.01,-51.01,-51.01,-51.01,-51.01,-51.01,-51.01,-51.01,-51.01,-51.01,-51.01,-51.01,-51.01,-51.01,-51.01,-51.01,-51.01,-51.01,-51.01,-51.01,-51.01,-51.01,-51.01,-51.01,-51.01,-51.01,-51.01,-51.01,-51.01,-51.01,-51.01,-51.01,-51.01,-51.01,-51.01
40.17,40.17,40.17,40.17,40.17,40.17,40.17,40.17,40.17,40.17,40.17,40.17,40.17,40.17,40.17,40.17,40.17,40.17,40.17,40.17,40.17,40.17,40.17,40.17,40.17,40.17,40.17,40.17,40.17,40.17,40.17,40.17,40.17,40.17,40.17,40.17,40.17,40.17,40.17,40.17,40.17,40.17,40.17,40.17,40.17,40.17,40.17,40.17,40.17,40.17,40.17,40.17,40.17,40.17,40.17,40.17,40.17,40.17,40.17,40.17,40.17,40.17,40.17,40.17,40.17,40.17,40.17,40.17,40.17,40.17
54.23,54.23,54.23,54.23,54.23,54.23,54.23,54.23,54.23,54.23,54.23,54.23,54.23,54.23,54.23,54.23,54.23,54.23,54.23,54.23,54.23,54.23,54.23,54.23,54.23,54.23,54.23,54.23,54.23,54.23,54.23,54.23,54.23,54.23,54.23,54.23,54.23,54.23,54.23,54.23,54.23,54.23,54.23,54.23,54.23,54.23,54.23,54.23,54.23,54.23,54.23,54.23,54.23,54.23,54.23,54.23,54.23,54.23,54.23,54.23,54.23,54.23,54.23,54.23,54.23,54.23,54.23,54.23,54.23,54.23
-3.13,-3.13,-3.13,-3.13,-3.13,-3.13,-3.13,-3.13,-3.13,-3.13,-3.13,-3.13,-3.13,-3.13,-3.13,-3.13,-3.13,-3.13,-3.13,-3.13,-3.13,-3.13,-3.13,-3.13,-3.13,-3.13,-3.13,-3.13,-3.13,-3.13,-3.13,-3.13,-3.13,-3.13,-3.13,-3.13,-3.13,-3.13,-3.13,-3.13,-3.13,-3.13,-3.13,-3.13,-3.13,-3.13,-3.13,-3.13,-3.13,-3.13,-3.13,-3.13,-3.13,-3.13,-3.13,-3.13,-3.13,-3.13,-3.13,-3.13,-3.13,-3.13,-3.13,-3.13,-3.13,-3.13,-3.13,-3.13,-3.13,-3.13
-86.84,-86.84,-86.84,-86.84,-86.84,-86.84,-86.84,-86.84,-86.84,-86.84,-86.84,-86.84,-86.84,-86.84,-86.84,-86.84,-86.84,-86.84,-86.84,-86.84,-86.84,-86.84,-86.84,-86.84,-86.84,-86.84,-86.84,-86.84,-86.84,-86.84,-86.84,-86.84,-86.84,-86.84,-86.84,-86.84,-86.84,-86.84,-86.84,-86.84,-86.84,-86.84,-86.84,-86.84,-86.84,-86.84,-86.84,-86.84,-86.84,-86.84,-86.84,-86.84,-86.84,-86.84,-86.84,-86.84,-86.84,-86.84,-86.84,-86.84,-86.84,-86.84,-86.84,-86.84,-86.84,-86.84,-86.84,-86.84,-86.84,-86.84
52.82,52.82,52.82,52.82,52.82,52.82,52.82,52.82,52.82,52.82,52.82,52.82,52.82,52.82,52.82,52.82,52.82,52.82,52.82,52.82,52.82,52.82,52.82,52.82,52.82,52.82,52.82,52.82,52.82,52.82,52.82,52.82,52.82,52.82,52.82,52.82,52.82,52.82,52.82,52.82,52.82,52.82,52.82,52.82,52.82,52.82,52.82,52.82,52.82,52.82,52.82,52.82,52.82,52.82,52.82,52.82,52.82,52.82,52.82,52.82,52.82,52.82,52.82,52.82,52.82,52.82,52.82,52.82,52.82,52.82
7.84,7.84,7.84,7.84,7.84,7.84,7.84,7.84,7.84,7.84,7.84,7.84,7.84,7.84,7.84,7.84,7.84,7.84,7.84,7.84,7.84,7.84,7.84,7.84,7.84,7.84,7.84,7.84,7.84,7.84,7.84,7.84,7.84,7.84,7.84,7.84,7.84,7.84,7.84,7.84,7.84,7.84,7.84,7.84,7.84,7.84,7.84,7.84,7.84,7.84,7.84,7.84,7.84,7.84,7.84,7.84,7.84,7.84,7.84,7.84,7.84,7.84,7.84,7.84,7.84,7.84,7.84,7.84,7.84,7.84
-71.01,-71.01,-71.01,-71.01,-71.01,-71.01,-71.01,-71.01,-71.01,-71.01,-71.01,-71.01,-71.01,-71.01,-71.01,-71.01,-71.01,-71.01,-71.01,-71.01,-71.01,-71.01,-71.01,-71.01,-71.01,-71.01,-71.01,-71.01,-71.01,-71.01,-71.01,-71.01,-71.01,-71.01,-71.01,-71.01,-71.01,-71.01,-71.01,-71.01,-71.01,-71.01,-71.01,-71.01,-71.01,-71.01,-71.01,-71.01,-71.01,-71.01,-71.01,-71.01,-71.01,-71.01,-71.01,-71.01,-71.01,-71.01,-71.01,-71.01,-71.01,-71.01,-71.01,-71.01,-71.01,-71.01,-71.01,-71.01,-71.01,-71.01
-15.39,-15.39,-15.39,-15.39,-15.39,-15.39,-15.39,-15.39,-15.39,-15.39,-15.39,-15.39,-15.39,-15.39,-15.39,-15.39,-15.39,-15.39,-15.39,-15.39,-15.39,-15.39,-15.39,-15.39,-15.39,-15.39,-15.39,-15.39,-15.39,-15.39,-15.39,-15.39,-15.39,-15.39,-15.39,-15.39,-15.39,-15.39,-15.39,-15.39,-15.39,-15.39,-15.39,-15.39,-15.39,-15.39,-15.39,-15.39,-15.39,-15.39,-15.39,-15.39,-15.39,-15.39,-15.39,-15.39,-15.39,-15.39,-15.39,-15.39,-15.39,-15.39,-15.39,-15.39,-15.39,-15.39,-15.39,-15.39,-15.39,-15.39
-83.81,-83.81,-83.81,-83.81,-83.81,-83.81,-83.81,-83.81,-83.81,-83.81,-83.81,-83.81,-83.81,-83.81,-83.81,-83.81,-83.81,-83.81,-83.81,-83.81,-83.81,-83.81,-83.81,-83.81,-83.81,-83.81,-83.81,-83.81,-83.81,-83.81,-83.81,-83.81,-83.81,-83.81,-83.81,-83.81,-83.81,-83.81,-83.81,-83.81,-83.81,-83.81,-83.81,-83.81,-83.81,-83.81,-83.81,-83.81,-83.81,-83.81,-83.81,-83.81,-83.81,-83.81,-83.81,-83.81,-83.81,-83.81,-83.81,-83.81,-83.81,-83.81,-83.81,-83.81,-83.81,-83.81,-83.81,-83.81,-83.81,-83.81
-64.69,-64.69,-64.69,-64.69,-64.69,-64.69,-64.69,-64.69,-64.69,-64.69,-64.69,-64.69,-64.69,-64.69,-64.69,-64.69,-64.69,-64.69,-64.69,-64.69,-64.69,-64.69,-64.69,-64.69,-64.69,-64.69,-64.69,-64.69,-64.69,-64.69,-64.69,-64.69,-64.69,-64.69,-64.69,-64.69,-64.69,-64.69,-64.69,-64.69,-64.69,-64.69,-64.69,-64.69,-64.69,-64.69,-64.69,-64.69,-64.69,-64.69,-64.69,-64.69,-64.69,-64.69,-64.69,-64.69,-64.69,-64.69,-64.69,-64.69,-64.69,-64.69,-64.69,-64.69,-64.69,-64.69,-64.69,-64.69,-64.69,-64.69
-73.34,-73.34,-73.34,-73.34,-73.34,-73.34,-73.34,-73.34,-73.34,-73.34,-73.34,-73.34,-73.34,-73.34,-73.34,-73.34,-73.34,-73.34,-73.34,-73.34,-73.34,-73.34,-73.34,-73.34,-73.34,-73.34,-73.34,-73.34,-73.34,-73.34,-73.34,-73.34,-73.34,-73.34,-73.34,-73.34,-73.34,-73.34,-73.34,-73.34,-73.34,-73.34,-73.34,-73.34,-73.34,-73.34,-73.34,-73.34,-73.34,-73.34,-73.34,-73.34,-73.34,-73.34,-73.34,-73.34,-73.34,-73.34,-73.34,-73.34,-73.34,-73.34,-73.34,-73.34,-73.34,-73.34,-73.34,-73.34,-73.34,-73.34
-9.40,-9.40,-9.40,-9.40,-9.40,-9.40,-9.40,-9.40,-9.40,-9.40,-9.40,-9.40,-9.40,-9.40,-9.40,-9.40,-9.40,-9.40,-9.40,-9.40,-9.40,-9.40,-9.40,-9.40,-9.40,-9.40,-9.40,-9.40,-9.40,-9.40,-9.40,-9.40,-9.40,-9.40,-9.40,-9.40,-9.40,-9.40,-9.40,-9.40,-9.40,-9.40,-9.40,-9.40,-9.40,-9.40,-9.40,-9.40,-9.40,-9.40,-9.40,-9.40,-9.40,-9.40,-9.40,-9.40,-9.40,-9.40,-9.40,-9.40,-9.40,-9.40,-9.40,-9.40,-9.40,-9.40,-9.40,-9.40,-9.40,-9.40
-33.55,-33.55,-33.55,-33.55,-33.55,-33.55,-33.55,-33.55,-33.55,-33.55,-33.55,-33.55,-33.55,-33.55,-33.55,-33.55,-33.55,-33.55,-33.55,-33.55,-33.55,-33.55,-33.55,-33.55,-33.55,-33.55,-33.55,-33.55,-33.55,-33.55,-33.55,-33.55,-33.55,-33.55,-33.55,-33.55,-33.55,-33.55,-33.55,-33.55,-33.55,-33.55,-33.55,-33.55,-33.55,-33.55,-33.55,-33.55,-33.55,-33.55,-33.55,-33.55,-33.55,-33.55,-33.55,-33.55,-33.55,-33.55,-33.55,-33.55,-33.55,-33.55,-33.55,-33.55,-33.55,-33.55,-33.55,-33.55,-33.55,-33.55
33.80,33.80,33.80,33.80,33.80,33.80,33.80,33.80,33.80,33.80,33.80,33.80,33.80,33.80,33.80,33.80,33.80,33.80,33.80,33.80,33.80,33.80,33.80,33.80,33.80,33.80,33.80,33.80,33.80,33.80,33.80,33.80,33.80,33.80,33.80,33.80,33.80,33.80,33.80,33.80,33.80,33.80,33.80,33.80,33.80,33.80,33.80,33.80,33.80,33.80,33.80,33.80,33.80,33.80,33.80,33.80,33.80,33.80,33.80,33.80,33.80,33.80,33.80,33.80,33.80,33.80,33.80,33.80,33.80,33.80
31.95,31.95,31.95,31.95,31.95,31.95,31.95,31.95,31.95,31.95,31.95,31.95,31.95,31.95,31.95,31.95,31.95,31.95,31.95,31.95,31.95,31.95,31.95,31.95,31.95,31.95,31.95,31.95,31.95,31.95,31.95,31.95,31.95,31.95,31.95,31.95,31.95,31.95,31.95,31.95,31.95,31.95,31.95,31.95,31.95,31.95,31.95,31.95,31.95,31.95,31.95,31.95,31.95,31.95,31.95,31.95,31.95,31.95,31.95,31.95,31.95,31.95,31.95,31.95,31.95,31.95,31.95,31.95,31.95,31.95
-22.92,-22.92,-22.92,-22.92,-22.92,-22.92,-22.92,-22.92,-22.92,-22.92,-22.92,-22.92,-22.92,-22.92,-22.92,-22.92,-22.92,-22.92,-22.92,-22.92,-22.92,-22.92,-22.92,-22.92,-22.92,-22.92,-22.92,-22.92,-22.92,-22.92,-22.92,-22.92,-22.92,-22.92,-22.92,-22.92,-22.92,-22.92,-22.92,-22.92,-22.92,-22.92,-22.92,-22.92,-22.92,-22.92,-22.92,-22.92,-22.92,-22.92,-22.92,-22.92,-22.92,-22.92,-22.92,-22.92,-22.92,-22.92,-22.92,-22.92,-22.92,-22.92,-22.92,-22.92,-22.92,-22.92,-22.92,-22.92,-22.92,-22.92
-79.20,-79.20,-79.20,-79.20,-79.20,-79.20,-79.20,-79.20,-79.20,-79.20,-79.20,-79.20,-79.20,-79.20,-79.20,-79.20,-79.20,-79.20,-79.20,-79.20,-79.20,-79.20,-79.20,-79.20,-79.20,-79.20,-79.20,-79.20,-79.20,-79.20,-79.20,-79.20,-79.20,-79.20,-79.20,-79.20,-79.20,-79.20,-79.20,-79.20,-79.20,-79.20,-79.20,-79.20,-79.20,-79.20,-79.20,-79.20,-79.20,-79.20,-79.20,-79.20,-79.20,-79.20,-79.20,-79.20,-79.20,-79.20,-79.20,-79.20,-79.20,-79.20,-79.20,-79.20,-79.20,-79.20,-79.20,-79.20,-79.20,-79.20
78.73,78.73,78.73,78.73,78.73,78.73,78.73,78.73,78.73,78.73,78.73,78.73,78.73,78.73,78.73,78.73,78.73,78.73,78.73,78.73,78.73,78.73,78.73,78.73,78.73,78.73,78.73,78.73,78.73,78.73,78.73,78.73,78.73,78.73,78.73,78.73,78.73,78.73,78.73,78.73,78.73,78.73,78.73,78.73,78.73,78.73,78.73,78.73,78.73,78.73,78.73,78.73,78.73,78.73,78.73,78.73,78.73,78.73,78.73,78.73,78.73,78.73,78.73,78.73,78.73,78.73,78.73,78.73,78.73,78.73
-66.61,-66.61,-66.61,-66.61,-66.61,-66.61,-66.61,-66.61,-66.61,-66.61,-66.61,-66.61,-66.61,-66.61,-66.61,-66.61,-66.61,-66.61,-66.61,-66.61,-66.61,-66.61,-66.61,-66.61,-66.61,-66.61,-66.61,-66.61,-66.61,-66.61,-66.61,-66.61,-66.61,-66.61,-66.61,-66.61,-66.61,-66.61,-66.61,-66.61,-66.61,-66.61,-66.61,-66.61,-66.61,-66.61,-66.61,-66.61,-66.61,-66.61,-66.61,-66.61,-66.61,-66.61,-66.61,-66.61,-66.61,-66.61,-66.61,-66.61,-66.61,-66.61,-66.61,-66.61,-66.61,-66.61,-66.61,-66.61,-66.61,-66.61
66.31,66.31,66.31,66.31,66.31,66.31,66.31,66.31,66.31,66.31,66.31,66.31,66.31,66.31,66.31,66.31,66.31,66.31,66.31,66.31,66.31,66.31,66.31,66.31,66.31,66.31,66.31,66.31,66.31,66.31,66.31,66.31,66.31,66.31,66.31,66.31,66.31,66.31,66.31,66.31,66.31,66.31,66.31,66.31,66.31,66.31,66.31,66.31,66.31,66.31,66.31,66.31,66.31,66.31,66.31,66.31,66.31,66.31,66.31,66.31,66.31,66.31,66.31,66.31,66.31,66.31,66.31,66.31,66.31,66.31
-30.79,-30.79,-30.79,-30.79,-30.79,-30.79,-30.79,-30.79,-30.79,-30.79,-30.79,-30.79,-30.79,-30.79,-30.79,-30.79,-30.79,-30.79,-30.79,-30.79,-30.79,-30.79,-30.79,-30.79,-30.79,-30.79,-30.79,-30.79,-30.79,-30.79,-30.79,-30.79,-30.79,-30.79,-30.79,-30.79,-30.79,-30.79,-30.79,-30.79,-30.79,-30.79,-30.79,-30.79,-30.79,-30.79,-30.79,-30.79,-30.79,-30.79,-30.79,-30.79,-30.79,-30.79,-30.79,-30.79,-30.79,-30.79,-30.79,-30.79,-30.79,-30.79,-30.79,-30.79,-30.79,-30.79,-30.79,-30.79,-30.79,-30.79
-44.34,-44.34,-44.34,-44.34,-44.34,-44.34,-44.34,-44.34,-44.34,-44.34,-44.34,-44.34,-44.34,-44.34,-44.34,-44.34,-44.34,-44.34,-44.34,-44.34,-44.34,-44.34,-44.34,-44.34,-44.34,-44.34,-44.34,-44.34,-44.34,-44.34,-44.34,-44.34,-44.34,-44.34,-44.34,-44.34,-44.34,-44.34,-44.34,-44.34,-44.34,-44.34,-44.34,-44.34,-44.34,-44.34,-44.34,-44.34,-44.34,-44.34,-44.34,-44.34,-44.34,-44.34,-44.34,-44.34,-44.34,-44.34,-44.34,-44.34,-44.34,-44.34,-44.34,-44.34,-44.34,-44.34,-44.34,-44.34,-44.34,-44.34
-29.19,-29.19,-29.19,-29.19,-29.19,-29.19,-29.19,-29.19,-29.19,-29.19,-29.19,-29.19,-29.19,-29.19,-29.19,-29.19,-29.19,-29.19,-29.19,-29.19,-29.19,-29.19,-29.19,-29.19,-29.19,-29.19,-29.19,-29.19,-29.19,-29.19,-29.19,-29.19,-29.19,-29.19,-29.19,-29.19,-29.19,-29.19,-29.19,-29.19,-29.19,-29.19,-29.19,-29.19,-29.19,-29.19,-29.19,-29.19,-29.19,-29.19,-29.19,-29.19,-29.19,-29.19,-29.19,-29.19,-29.19,-29.19,-29.19,-29.19,-29.19,-29.19,-29.19,-29.19,-29.19,-29.19,-29.19,-29.19,-29.19,-29.19
48.91,48.91,48.91,48.91,48.91,48.91,48.91,48.91,48.91,48.91,48.91,48.91,48.91,48.91,48.91,48.91,48.91,48.91,48.91,48.91,48.91,48.91,48.91,48.91,48.91,48.91,48.91,48.91,48.91,48.91,48.91,48.91,48.91,48.91,48.91,48.91,48.91,48.91,48.91,48.91,48.91,48.91,48.91,48.91,48.91,48.91,48.91,48.91,48.91,48.91,48.91,48.91,48.91,48.91,48.91,48.91,48.91,48.91,48.91,48.91,48.91,48.91,48.91,48.91,48.91,48.91,48.91,48.91,48.91,48.91
50.06,50.06,50.06,50.06,50.06,50.06,50.06,50.06,50.06,50.06,50.06,50.06,50.06,50.06,50.06,50.06,50.06,50.06,50.06,50.06,50.06,50.06,50.06,50.06,50.06,50.06,50.06,50.06,50.06,50.06,50.06,50.06,50.06,50.06,50.06,50.06,50.06,50.06,50.06,50.06,50.06,50.06,50.06,50.06,50.06,50.06,50.06,50.06,50.06,50.06,50.06,50.06,50.06,50.06,50.06,50.06,50.06,50.06,50.06,50.06,50.06,50.06,50.06,50.06,50.06,50.06,50.06,50.06,50.06,50.06
-81.71,-81.71,-81.71,-81.71,-81.71,-81.71,-81.71,-81.71,-81.71,-81.71,-81.71,-81.71,-81.71,-81.71,-81.71,-81.71,-81.71,-81.71,-81.71,-81.71,-81.71,-81.71,-81.71,-81.71,-81.71,-81.71,-81.71,-81.71,-81.71,-81.71,-81.71,-81.71,-81.71,-81.71,-81.71,-81.71,-81.71,-81.71,-81.71,-81.71,-81.71,-81.71,-81.71,-81.71,-81.71,-81.71,-81.71,-81.71,-81.71,-81.71,-81.71,-81.71,-81.71,-81.71,-81.71,-81.71,-81.71,-81.71,-81.71,-81.71,-81.71,-81.71,-81.71,-81.71,-81.71,-81.71,-81.71,-81.71,-81.71,-81.71
69.20,69.20,69.20,69.20,69.20,69.20,69.20,69.20,69.20,69.20,69.20,69.20,69.20,69.20,69.20,69.20,69.20,69.20,69.20,69.20,69.20,69.20,69.20,69.20,69.20,69.20,69.20,69.20,69.20,69.20,69.20,69.20,69.20,69.20,69.20,69.20,69.20,69.20,69.20,69.20,69.20,69.20,69.20,69.20,69.20,69.20,69.20,69.20,69.20,69.20,69.20,69.20,69.20,69.20,69.20,69.20,69.20,69.20,69.20,69.20,69.20,69.20,69.20,69.20,69.20,69.20,69.20,69.20,69.20,69.20
82.66,82.66,82.66,82.66,82.66,82.66,82.66,82.66,82.66,82.66,82.66,82.66,82.66,82.66,82.66,82.66,82.66,82.66,82.66,82.66,82.66,82.66,82.66,82.66,82.66,82.66,82.66,82.66,82.66,82.66,82.66,82.66,82.66,82.66,82.66,82.66,82.66,82.66,82.66,82.66,82.66,82.66,82.66,82.66,82.66,82.66,82.66,82.66,82.66,82.66,82.66,82.66,82.66,82.66,82.66,82.66,82.66,82.66,82.66,82.66,82.66,82.66,82.66,82.66,82.66,82.66,82.66,82.66,82.66,82.66
85.86,85.86,85.86,85.86,85.86,85.86,85.86,85.86,85.86,85.86,85.86,85.86,85.86,85.86,85.86,85.86,85.86,85.86,85.86,85.86,85.86,85.86,85.86,85.86,85.86,85.86,85.86,85.86,85.86,85.86,85.86,85.86,85.86,85.86,85.86,85.86,85.86,85.86,85.86,85.86,85.86,85.86,85.86,85.86,85.86,85.86,85.86,85.86,85.86,85.86,85.86,85.86,85.86,85.86,85.86,85.86,85.86,85.86,85.86,85.86,85.86,85.86,85.86,85.86,85.86,85.86,85.86,85.86,85.86,85.86
14.58,14.58,14.58,14.58,14.58,14.58,14.58,14.58,14.58,14.58,14.58,14.58,14.58,14.58,14.58,14.58,14.58,14.58,14.58,14.58,14.58,14.58,14.58,14.58,14.58,14.58,14.58,14.58,14.58,14.58,14.58,14.58,14.58,14.58,14.58,14.58,14.58,14.58,14.58,14.58,14.58,14.58,14.58,14.58,14.58,14.58,14.58,14.58,14.58,14.58,14.58,14.58,14.58,14.58,14.58,14.58,14.58,14.58,14.58,14.58,14.58,14.58,14.58,14.58,14.58,14.58,14.58,14.58,14.58,14.58
45.91,45.91,45.91,45.91,45.91,45.91,45.91,45.91,45.91,45.91,45.91,45.91,45.91,45.91,45.91,45.91,45.91,45.91,45.91,45.91,45.91,45.91,45.91,45.91,45.91,45.91,45.91,45.91,45.91,45.91,45.91,45.91,45.91,45.91,45.91,45.91,45.91,45.91,45.91,45.91,45.91,45.91,45.91,45.91,45.91,45.91,45.91,45.91,45.91,45.91,45.91,45.91,45.91,45.91,45.91,45.91,45.91,45.91,45.91,45.91,45.91,45.91,45.91,45.91,45.91,45.91,45.91,45.91,45.91,45.91
12.41,12.41,12.41,12.41,12.41,12.41,12.41,12.41,12.41,12.41,12.41,12.41,12.41,12.41,12.41,12.41,12.41,12.41,12.41,12.41,12.41,12.41,12.41,12.41,12.41,12.41,12.41,12.41,12.41,12.41,12.41,12.41,12.41,12.41,12.41,12.41,12.41,12.41,12.41,12.41,12.41,12.41,12.41,12.41,12.41,12.41,12.41,12.41,12.41,12.41,12.41,12.41,12.41,12.41,12.41,12.41,12.41,12.41,12.41,12.41,12.41,12.41,12.41,12.41,12.41,12.41,12.41,12.41,12.41,12.41
42.27,42.27,42.27,42.27,42.27,42.27,42.27,42.27,42.27,42.27,42.27,42.27,42.27,42.27,42.27,42.27,42.27,42.27,42.27,42.27,42.27,42.27,42.27,42.27,42.27,42.27,42.27,42.27,42.27,42.27,42.27,42.27,42.27,42.27,42.27,42.27,42.27,42.27,42.27,42.27,42.27,42.27,42.27,42.27,42.27,42.27,42.27,42.27,42.27,42.27,42.27,42.27,42.27,42.27,42.27,42.27,42.27,42.27,42.27,42.27,42.27,42.27,42.27,42.27,42.27,42.27,42.27,42.27,42.27,42.27
-46.31,-46.31,-46.31,-46.31,-46.31,-46.31,-46.31,-46.31,-46.31,-46.31,-46.31,-46.31,-46.31,-46.31,-46.31,-46.31,-46.31,-46.31,-46.31,-46.31,-46.31,-46.31,-46.31,-46.31,-46.31,-46.31,-46.31,-46.31,-46.31,-46.31,-46.31,-46.31,-46.31,-46.31,-46.31,-46.31,-46.31,-46.31,-46.31,-46.31,-46.31,-46.31,-46.31,-46.31,-46.31,-46.31,-46.31,-46.31,-46.31,-46.31,-46.31,-46.31,-46.31,-46.31,-46.31,-46.31,-46.31,-46.31,-46.31,-46.31,-46.31,-46.31,-46.31,-46.31,-46.31,-46.31,-46.31,-46.31,-46.31,-46.31
59.35,59.35,59.35,59.35,59.35,59.35,59.35,59.35,59.35,59.35,59.35,59.35,59.35,59.35,59.35,59.35,59.35,59.35,59.35,59.35,59.35,59.35,59.35,59.35,59.35,59.35,59.35,59.35,59.35,59.35,59.35,59.35,59.35,59.35,59.35,59.35,59.35,59.35,59.35,59.35,59.35,59.35,59.35,59.35,59.35,59.35,59.35,59.35,59.35,59.35,59.35,59.35,59.35,59.35,59.35,59.35,59.35,59.35,59.35,59.35,59.35,59.35,59.35,59.35,59.35,59.35,59.35,59.35,59.35,59.35
75.94,75.94,75.94,75.94,75.94,75.94,75.94,75.94,75.94,75.94,75.94,75.94,75.94,75.94,75.94,75.94,75.94,75.94,75.94,75.94,75.94,75.94,75.94,75.94,75.94,75.94,75.94,75.94,75.94,75.94,75.94,75.94,75.94,75.94,75.94,75.94,75.94,75.94,75.94,75.94,75.94,75.94,75.94,75.94,75.94,75.94,75.94,75.94,75.94,75.94,75.94,75.94,75.94,75.94,75.94,75.94,75.94,75.94,75.94,75.94,75.94,75.94,75.94,75.94,75.94,75.94,75.94,75.94,75.94,75.94
84.38,84.38,84.38,84.38,84.38,84.38,84.38,84.38,84.38,84.38,84.38,84.38,84.38,84.38,84.38,84.38,84.38,84.38,84.38,84.38,84.38,84.38,84.38,84.38,84.38,84.38,84.38,84.38,84.38,84.38,84.38,84.38,84.38,84.38,84.38,84.38,84.38,84.38,84.38,84.38,84.38,84.38,84.38,84.38,84.38,84.38,84.38,84.38,84.38,84.38,84.38,84.38,84.38,84.38,84.38,84.38,84.38,84.38,84.38,84.38,84.38,84.38,84.38,84.38,84.38,84.38,84.38,84.38,84.38,84.38
29.27,29.27,29.27,29.27,29.27,29.27,29.27,29.27,29.27,29.27,29.27,29.27,29.27,29.27,29.27,29.27,29.27,29.27,29.27,29.27,29.27,29.27,29.27,29.27,29.27,29.27,29.27,29.27,29.27,29.27,29.27,29.27,29.27,29.27,29.27,29.27,29.27,29.27,29.27,29.27,29.27,29.27,29.27,29.27,29.27,29.27,29.27,29.27,29.27,29.27,29.27,29.27,29.27,29.27,29.27,29.27,29.27,29.27,29.27,29.27,29.27,29.27,29.27,29.27,29.27,29.27,29.27,29.27,29.27,29.27
-82.43,-82.43,-82.43,-82.43,-82.43,-82.43,-82.43,-82.43,-82.43,-82.43,-82.43,-82.43,-82.43,-82.43,-82.43,-82.43,-82.43,-82.43,-82.43,-82.43,-82.43,-82.43,-82.43,-82.43,-82.43,-82.43,-82.43,-82.43,-82.43,-82.43,-82.43,-82.43,-82.43,-82.43,-82.43,-82.43,-82.43,-82.43,-82.43,-82.43,-82.43,-82.43,-82.43,-82.43,-82.43,-82.43,-82.43,-82.43,-82.43,-82.43,-82.43,-82.43,-82.43,-82.43,-82.43,-82.43,-82.43,-82.43,-82.43,-82.43,-82.43,-82.43,-82.43,-82.43,-82.43,-82.43,-82.43,-82.43,-82.43,-82.43
56.30,56.30,56.30,56.30,56.30,56.30,56.30,56.30,56.30,56.30,56.30,56.30,56.30,56.30,56.30,56.30,56.30,56.30,56.30,56.30,56.30,56.30,56.30,56.30,56.30,56.30,56.30,56.30,56.30,56.30,56.30,56.30,56.30,56.30,56.30,56.30,56.30,56.30,56.30,56.30,56.30,56.30,56.30,56.30,56.30,56.30,56.30,56.30,56.30,56.30,56.30,56.30,56.30,56.30,56.30,56.30,56.30,56.30,56.30,56.30,56.30,56.30,56.30,56.30,56.30,56.30,56.30,56.30,56.30,56.30
-19.60,-19.60,-19.60,-19.60,-19.60,-19.60,-19.60,-19.60,-19.60,-19.60,-19.60,-19.60,-19.60,-19.60,-19.60,-19.60,-19.60,-19.60,-19.60,-19.60,-19.60,-19.60,-19.60,-19.60,-19.60,-19.60,-19.60,-19.60,-19.60,-19.60,-19.60,-19.60,-19.60,-19.60,-19.60,-19.60,-19.60,-19.60,-19.60,-19.60,-19.60,-19.60,-19.60,-19.60,-19.60,-19.60,-19.60,-19.60,-19.60,-19.60,-19.60,-19.60,-19.60,-19.60,-19.60,-19.60,-19.60,-19.60,-19.60,-19.60,-19.60,-19.60,-19.60,-19.60,-19.60,-19.60,-19.60,-19.60,-19.60,-19.60
19.54,19.54,19.54,19.54,19.54,19.54,19.54,19.54,19.54,19.54,19.54,19.54,19.54,19.54,19.54,19.54,19.54,19.54,19.54,19.54,19.54,19.54,19.54,19.54,19.54,19.54,19.54,19.54,19.54,19.54,19.54,19.54,19.54,19.54,19.54,19.54,19.54,19.54,19.54,19.54,19.54,19.54,19.54,19.54,19.54,19.54,19.54,19.54,19.54,19.54,19.54,19.54,19.54,19.54,19.54,19.54,19.54,19.54,19.54,19.54,19.54,19.54,19.54,19.54,19.54,19.54,19.54,19.54,19.54,19.54
20.59,20.59,20.59,20.59,20.59,20.59,20.59,20.59,20.59,20.59,20.59,20.59,20.59,20.59,20.59,20.59,20.59,20.59,20.59,20.59,20.59,20.59,20.59,20.59,20.59,20.59,20.59,20.59,20.59,20.59,20.59,20.59,20.59,20.59,20.59,20.59,20.59,20.59,20.59,20.59,20.59,20.59,20.59,20.59,20.59,20.59,20.59,20.59,20.59,20.59,20.59,20.59,20.59,20.59,20.59,20.59,20.59,20.59,20.59,20.59,20.59,20.59,20.59,20.59,20.59,20.59,20.59,20.59,20.59,20.59
-32.51,-32.51,-32.51,-32.51,-32.51,-32.51,-32.51,-32.51,-32.51,-32.51,-32.51,-32.51,-32.51,-32.51,-32.51,-32.51,-32.51,-32.51,-32.51,-32.51,-32.51,-32.51,-32.51,-32.51,-32.51,-32.51,-32.51,-32.51,-32.51,-32.51,-32.51,-32.51,-32.51,-32.51,-32.51,-32.51,-32.51,-32.51,-32.51,-32.51,-32.51,-32.51,-32.51,-32.51,-32.51,-32.51,-32.51,-32.51,-32.51,-32.51,-32.51,-32.51,-32.51,-32.51,-32.51,-32.51,-32.51,-32.51,-32.51,-32.51,-32.51,-32.51,-32.51,-32.51,-32.51,-32.51,-32.51,-32.51,-32.51,-32.51
51.21,51.21,51.21,51.21,51.21,51.21,51.21,51.21,51.21,51.21,51.21,51.21,51.21,51.21,51.21,51.21,51.21,51.21,51.21,51.21,51.21,51.21,51.21,51.21,51.21,51.21,51.21,51.21,51.21,51.21,51.21,51.21,51.21,51.21,51.21,51.21,51.21,51.21,51.21,51.21,51.21,51.21,51.21,51.21,51.21,51.21,51.21,51.21,51.21,51.21,51.21,51.21,51.21,51.21,51.21,51.21,51.21,51.21,51.21,51.21,51.21,51.21,51.21,51.21,51.21,51.21,51.21,51.21,51.21,51.21
61.66,61.66,61.66,61.66,61.66,61.66,61.66,61.66,61.66,61.66,61.66,61.66,61.66,61.66,61.66,61.66,61.66,61.66,61.66,61.66,61.66,61.66,61.66,61.66,61.66,61.66,61.66,61.66,61.66,61.66,61.66,61.66,61.66,61.66,61.66,61.66,61.66,61.66,61.66,61.66,61.66,61.66,61.66,61.66,61.66,61.66,61.66,61.66,61.66,61.66,61.66,61.66,61.66,61.66,61.66,61.66,61.66,61.66,61.66,61.66,61.66,61.66,61.66,61.66,61.66,61.66,61.66,61.66,61.66,61.66
-21.10,-21.10,-21.10,-21.10,-21.10,-21.10,-21.10,-21.10,-21.10,-21.10,-21.10,-21.10,-21.10,-21.10,-21.10,-21.10,-21.10,-21.10,-21.10,-21.10,-21.10,-21.10,-21.10,-21.10,-21.10,-21.10,-21.10,-21.10,-21.10,-21.10,-21.10,-21.10,-21.10,-21.10,-21.10,-21.10,-21.10,-21.10,-21.10,-21.10,-21.10,-21.10,-21.10,-21.10,-21.10,-21.10,-21.10,-21.10,-21.10,-21.10,-21.10,-21.10,-21.10,-21.10,-21.10,-21.10,-21.10,-21.10,-21.10,-21.10,-21.10,-21.10,-21.10,-21.10,-21.10,-21.10,-21.10,-21.10,-21.10,-21.10
42.94,42.94,42.94,42.94,42.94,42.94,42.94,42.94,42.94,42.94,42.94,42.94,42.94,42.94,42.94,42.94,42.94,42.94,42.94,42.94,42.94,42.94,42.94,42.94,42.94,42.94,42.94,42.94,42.94,42.94,42.94,42.94,42.94,42.94,42.94,42.94,42.94,42.94,42.94,42.94,42.94,42.94,42.94,42.94,42.94,42.94,42.94,42.94,42.94,42.94,42.94,42.94,42.94,42.94,42.94,42.94,42.94,42.94,42.94,42.94,42.94,42.94,42.94,42.94,42.94,42.94,42.94,42.94,42.94,42.94
-11.83,-11.83,-11.83,-11.83,-11.83,-11.83,-11.83,-11.83,-11.83,-11.83,-11.83,-11.83,-11.83,-11.83,-11.83,-11.83,-11.83,-11.83,-11.83,-11.83,-11.83,-11.83,-11.83,-11.83,-11.83,-11.83,-11.83,-11.83,-11.83,-11.83,-11.83,-11.83,-11.83,-11.83,-11.83,-11.83,-11.83,-11.83,-11.83,-11.83,-11.83,-11.83,-11.83,-11.83,-11.83,-11.83,-11.83,-11.83,-11.83,-11.83,-11.83,-11.83,-11.83,-11.83,-11.83,-11.83,-11.83,-11.83,-11.83,-11.83,-11.83,-11.83,-11.83,-11.83,-11.83,-11.83,-11.83,-11.83,-11.83,-11.83
-61.09,-61.09,-61.09,-61.09,-61.09,-61.09,-61.09,-61.09,-61.09,-61.09,-61.09,-61.09,-61.09,-61.09,-61.09,-61.09,-61.09,-61.09,-61.09,-61.09,-61.09,-61.09,-61.09,-61.09,-61.09,-61.09,-61.09,-61.09,-61.09,-61.09,-61.09,-61.09,-61.09,-61.09,-61.09,-61.09,-61.09,-61.09,-61.09,-61.09,-61.09,-61.09,-61.09,-61.09,-61.09,-61.09,-61.09,-61.09,-61.09,-61.09,-61.09,-61.09,-61.09,-61.09,-61.09,-61.09,-61.09,-61.09,-61.09,-61.09,-61.09,-61.09,-61.09,-61.09,-61.09,-61.09,-61.09,-61.09,-61.09,-61.09
3.10,3.10,3.10,3.10,3.10,3.10,3.10,3.10,3.10,3.10,3.10,3.10,3.10,3.10,3.10,3.10,3.10,3.10,3.10,3.10,3.10,3.10,3.10,3.10,3.10,3.10,3.10,3.10,3.10,3.10,3.10,3.10,3.10,3.10,3.10,3.10,3.10,3.10,3.10,3.10,3.10,3.10,3.10,3.10,3.10,3.10,3.10,3.10,3.10,3.10,3.10,3.10,3.10,3.10,3.10,3.10,3.10,3.10,3.10,3.10,3.10,3.10,3.10,3.10,3.10,3.10,3.10,3.10,3.10,3.10
26.63,26.63,26.63,26.63,26.63,26.63,26.63,26.63,26.63,26.63,26.63,26.63,26.63,26.63,26.63,26.63,26.63,26.63,26.63,26.63,26.63,26.63,26.63,26.63,26.63,26.63,26.63,26.63,26.63,26.63,26.63,26.63,26.63,26.63,26.63,26.63,26.63,26.63,26.63,26.63,26.63,26.63,26.63,26.63,26.63,26.63,26.63,26.63,26.63,26.63,26.63,26.63,26.63,26.63,26.63,26.63,26.63,26.63,26.63,26.63,26.63,26.63,26.63,26.63,26.63,26.63,26.63,26.63,26.63,26.63
4.13,4.13,4.13,4.13,4.13,4.13,4.13,4.13,4.13,4.13,4.13,4.13,4.13,4.13,4.13,4.13,4.13,4.13,4.13,4.13,4.13,4.13,4.13,4.13,4.13,4.13,4.13,4.13,4.13,4.13,4.13,4.13,4.13,4.13,4.13,4.13,4.13,4.13,4.13,4.13,4.13,4.13,4.13,4.13,4.13,4.13,4.13,4.13,4.13,4.13,4.13,4.13,4.13,4.13,4.13,4.13,4.13,4.13,4.13,4.13,4.13,4.13,4.13,4.13,4.13,4.13,4.13,4.13,4.13,4.13
-12.79,-12.79,-12.79,-12.79,-12.79,-12.79,-12.79,-12.79,-12.79,-12.79,-12.79,-12.79,-12.79,-12.79,-12.79,-12.79,-12.79,-12.79,-12.79,-12.79,-12.79,-12.79,-12.79,-12.79,-12.79,-12.79,-12.79,-12.79,-12.79,-12.79,-12.79,-12.79,-12.79,-12.79,-12.79,-12.79,-12.79,-12.79,-12.79,-12.79,-12.79,-12.79,-12.79,-12.79,-12.79,-12.79,-12.79,-12.79,-12.79,-12.79,-12.79,-12.79,-12.79,-12.79,-12.79,-12.79,-12.79,-12.79,-12.79,-12.79,-12.79,-12.79,-12.79,-12.79,-12.79,-12.79,-12.79,-12.79,-12.79,-12.79
-60.42,-60.42,-60.42,-60.42,-60.42,-60.42,-60.42,-60.42,-60.42,-60.42,-60.42,-60.42,-60.42,-60.42,-60.42,-60.42,-60.42,-60.42,-60.42,-60.42,-60.42,-60.42,-60.42,-60.42,-60.42,-60.42,-60.42,-60.42,-60.42,-60.42,-60.42,-60.42,-60.42,-60.42,-60.42,-60.42,-60.42,-60.42,-60.42,-60.42,-60.42,-60.42,-60.42,-60.42,-60.42,-60.42,-60.42,-60.42,-60.42,-60.42,-60.42,-60.42,-60.42,-60.42,-60.42,-60.42,-60.42,-60.42,-60.42,-60.42,-60.42,-60.42,-60.42,-60.42,-60.42,-60.42,-60.42,-60.42,-60.42,-60.42
64.58,64.58,64.58,64.58,64.58,64.58,64.58,64.58,64.58,64.58,64.58,64.58,64.58,64.58,64.58,64.58,64.58,64.58,64.58,64.58,64.58,64.58,64.58,64.58,64.58,64.58,64.58,64.58,64.58,64.58,64.58,64.58,64.58,64.58,64.58,64.58,64.58,64.58,64.58,64.58,64.58,64.58,64.58,64.58,64.58,64.58,64.58,64.58,64.58,64.58,64.58,64.58,64.58,64.58,64.58,64.58,64.58,64.58,64.58,64.58,64.58,64.58,64.58,64.58,64.58,64.58,64.58,64.58,64.58,64.58
-47.87,-47.87,-47.87,-47.87,-47.87,-47.87,-47.87,-47.87,-47.87,-47.87,-47.87,-47.87,-47.87,-47.87,-47.87,-47.87,-47.87,-47.87,-47.87,-47.87,-47.87,-47.87,-47.87,-47.87,-47.87,-47.87,-47.87,-47.87,-47.87,-47.87,-47.87,-47.87,-47.87,-47.87,-47.87,-47.87,-47.87,-47.87,-47.87,-47.87,-47.87,-47.87,-47.87,-47.87,-47.87,-47.87,-47.87,-47.87,-47.87,-47.87,-47.87,-47.87,-47.87,-47.87,-47.87,-47.87,-47.87,-47.87,-47.87,-47.87,-47.87,-47.87,-47.87,-47.87,-47.87,-47.87,-47.87,-47.87,-47.87,-47.87
-26.94,-26.94,-26.94,-26.94,-26.94,-26.94,-26.94,-26.94,-26.94,-26.94,-26.94,-26.94,-26.94,-26.94,-26.94,-26.94,-26.94,-26.94,-26.94,-26.94,-26.94,-26.94,-26.94,-26.94,-26.94,-26.94,-26.94,-26.94,-26.94,-26.94,-26.94,-26.94,-26.94,-26.94,-26.94,-26.94,-26.94,-26.94,-26.94,-26.94,-26.94,-26.94,-26.94,-26.94,-26.94,-26.94,-26.94,-26.94,-26.94,-26.94,-26.94,-26.94,-26.94,-26.94,-26.94,-26.94,-26.94,-26.94,-26.94,-26.94,-26.94,-26.94,-26.94,-26.94,-26.94,-26.94,-26.94,-26.94,-26.94,-26.94
-1.83,-1.83,-1.83,-1.83,-1.83,-1.83,-1.83,-1.83,-1.83,-1.83,-1.83,-1.83,-1.83,-1.83,-1.83,-1.83,-1.83,-1.83,-1.83,-1.83,-1.83,-1.83,-1.83,-1.83,-1.83,-1.83,-1.83,-1.83,-1.83,-1.83,-1.83,-1.83,-1.83,-1.83,-1.83,-1.83,-1.83,-1.83,-1.83,-1.83,-1.83,-1.83,-1.83,-1.83,-1.83,-1.83,-1.83,-1.83,-1.83,-1.83,-1.83,-1.83,-1.83,-1.83,-1.83,-1.83,-1.83,-1.83,-1.83,-1.83,-1.83,-1.83,-1.83,-1.83,-1.83,-1.83,-1.83,-1.83,-1.83,-1.83
-77.46,-77.46,-77.46,-77.46,-77.46,-77.46,-77.46,-77.46,-77.46,-77.46,-77.46,-77.46,-77.46,-77.46,-77.46,-77.46,-77.46,-77.46,-77.46,-77.46,-77.46,-77.46,-77.46,-77.46,-77.46,-77.46,-77.46,-77.46,-77.46,-77.46,-77.46,-77.46,-77.46,-77.46,-77.46,-77.46,-77.46,-77.46,-77.46,-77.46,-77.46,-77.46,-77.46,-77.46,-77.46,-77.46,-77.46,-77.46,-77.46,-77.46,-77.46,-77.46,-77.46,-77.46,-77.46,-77.46,-77.46,-77.46,-77.46,-77.46,-77.46,-77.46,-77.46,-77.46,-77.46,-77.46,-77.46,-77.46,-77.46,-77.46
36.76,36.76,36.76,36.76,36.76,36.76,36.76,36.76,36.76,36.76,36.76,36.76,36.76,36.76,36.76,36.76,36.76,36.76,36.76,36.76,36.76,36.76,36.76,36.76,36.76,36.76,36.76,36.76,36.76,36.76,36.76,36.76,36.76,36.76,36.76,36.76,36.76,36.76,36.76,36.76,36.76,36.76,36.76,36.76,36.76,36.76,36.76,36.76,36.76,36.76,36.76,36.76,36.76,36.76,36.76,36.76,36.76,36.76,36.76,36.76,36.76,36.76,36.76,36.76,36.76,36.76,36.76,36.76,36.76,36.76
13.93,13.93,13.93,13.93,13.93,13.93,13.93,13.93,13.93,13.93,13.93,13.93,13.93,13.93,13.93,13.93,13.93,13.93,13.93,13.93,13.93,13.93,13.93,13.93,13.93,13.93,13.93,13.93,13.93,13.93,13.93,13.93,13.93,13.93,13.93,13.93,13.93,13.93,13.93,13.93,13.93,13.93,13.93,13.93,13.93,13.93,13.93,13.93,13.93,13.93,13.93,13.93,13.93,13.93,13.93,13.93,13.93,13.93,13.93,13.93,13.93,13.93,13.93,13.93,13.93,13.93,13.93,13.93,13.93,13.93
87.23,87.23,87.23,87.23,87.23,87.23,87.23,87.23,87.23,87.23,87.23,87.23,87.23,87.23,87.23,87.23,87.23,87.23,87.23,87.23,87.23,87.23,87.23,87.23,87.23,87.23,87.23,87.23,87.23,87.23,87.23,87.23,87.23,87.23,87.23,87.23,87.23,87.23,87.23,87.23,87.23,87.23,87.23,87.23,87.23,87.23,87.23,87.23,87.23,87.23,87.23,87.23,87.23,87.23,87.23,87.23,87.23,87.23,87.23,87.23,87.23,87.23,87.23,87.23,87.23,87.23,87.23,87.23,87.23,87.23
-36.37,-36.37,-36.37,-36.37,-36.37,-36.37,-36.37,-36.37,-36.37,-36.37,-36.37,-36.37,-36.37,-36.37,-36.37,-36.37,-36.37,-36.37,-36.37,-36.37,-36.37,-36.37,-36.37,-36.37,-36.37,-36.37,-36.37,-36.37,-36.37,-36.37,-36.37,-36.37,-36.37,-36.37,-36.37,-36.37,-36.37,-36.37,-36.37,-36.37,-36.37,-36.37,-36.37,-36.37,-36.37,-36.37,-36.37,-36.37,-36.37,-36.37,-36.37,-36.37,-36.37,-36.37,-36.37,-36.37,-36.37,-36.37,-36.37,-36.37,-36.37,-36.37,-36.37,-36.37,-36.37,-36.37,-36.37,-36.37,-36.37,-36.37
-58.31,-58.31,-58.31,-58.31,-58.31,-58.31,-58.31,-58.31,-58.31,-58.31,-58.31,-58.31,-58.31,-58.31,-58.31,-58.31,-58.31,-58.31,-58.31,-58.31,-58.31,-58.31,-58.31,-58.31,-58.31,-58.31,-58.31,-58.31,-58.31,-58.31,-58.31,-58.31,-58.31,-58.31,-58.31,-58.31,-58.31,-58.31,-58.31,-58.31,-58.31,-58.31,-58.31,-58.31,-58.31,-58.31,-58.31,-58.31,-58.31,-58.31,-58.31,-58.31,-58.31,-58.31,-58.31,-58.31,-58.31,-58.31,-58.31,-58.31,-58.31,-58.31,-58.31,-58.31,-58.31,-58.31,-58.31,-58.31,-58.31,-58.31
58.71,58.71,58.71,58.71,58.71,58.71,58.71,58.71,58.71,58.71,58.71,58.71,58.71,58.71,58.71,58.71,58.71,58.71,58.71,58.71,58.71,58.71,58.71,58.71,58.71,58.71,58.71,58.71,58.71,58.71,58.71,58.71,58.71,58.71,58.71,58.71,58.71,58.71,58.71,58.71,58.71,58.71,58.71,58.71,58.71,58.71,58.71,58.71,58.71,58.71,58.71,58.71,58.71,58.71,58.71,58.71,58.71,58.71,58.71,58.71,58.71,58.71,58.71,58.71,58.71,58.71,58.71,58.71,58.71,58.71
73.79,73.79,73.79,73.79,73.79,73.79,73.79,73.79,73.79,73.79,73.79,73.79,73.79,73.79,73.79,73.79,73.79,73.79,73.79,73.79,73.79,73.79,73.79,73.79,73.79,73.79,73.79,73.79,73.79,73.79,73.79,73.79,73.79,73.79,73.79,73.79,73.79,73.79,73.79,73.79,73.79,73.79,73.79,73.79,73.79,73.79,73.79,73.79,73.79,73.79,73.79,73.79,73.79,73.79,73.79,73.79,73.79,73.79,73.79,73.79,73.79,73.79,73.79,73.79,73.79,73.79,73.79,73.79,73.79,73.79
-55.62,-55.62,-55.62,-55.62,-55.62,-55.62,-55.62,-55.62,-55.62,-55.62,-55.62,-55.62,-55.62,-55.62,-55.62,-55.62,-55.62,-55.62,-55.62,-55.62,-55.62,-55.62,-55.62,-55.62,-55.62,-55.62,-55.62,-55.62,-55.62,-55.62,-55.62,-55.62,-55.62,-55.62,-55.62,-55.62,-55.62,-55.62,-55.62,-55.62,-55.62,-55.62,-55.62,-55.62,-55.62,-55.62,-55.62,-55.62,-55.62,-55.62,-55.62,-55.62,-55.62,-55.62,-55.62,-55.62,-55.62,-55.62,-55.62,-55.62,-55.62,-55.62,-55.62,-55.62,-55.62,-55.62,-55.62,-55.62,-55.62,-55.62
-84.84,-84.84,-84.84,-84.84,-84.84,-84.84,-84.84,-84.84,-84.84,-84.84,-84.84,-84.84,-84.84,-84.84,-84.84,-84.84,-84.84,-84.84,-84.84,-84.84,-84.84,-84.84,-84.84,-84.84,-84.84,-84.84,-84.84,-84.84,-84.84,-84.84,-84.84,-84.84,-84.84,-84.84,-84.84,-84.84,-84.84,-84.84,-84.84,-84.84,-84.84,-84.84,-84.84,-84.84,-84.84,-84.84,-84.84,-84.84,-84.84,-84.84,-84.84,-84.84,-84.84,-84.84,-84.84,-84.84,-84.84,-84.84,-84.84,-84.84,-84.84,-84.84,-84.84,-84.84,-84.84,-84.84,-84.84,-84.84,-84.84,-84.84
-14.62,-14.62,-14.62,-14.62,-14.62,-14.62,-14.62,-14.62,-14.62,-14.62,-14.62,-14.62,-14.62,-14.62,-14.62,-14.62,-14.62,-14.62,-14.62,-14.62,-14.62,-14.62,-14.62,-14.62,-14.62,-14.62,-14.62,-14.62,-14.62,-14.62,-14.62,-14.62,-14.62,-14.62,-14.62,-14.62,-14.62,-14.62,-14.62,-14.62,-14.62,-14.62,-14.62,-14.62,-14.62,-14.62,-14.62,-14.62,-14.62,-14.62,-14.62,-14.62,-14.62,-14.62,-14.62,-14.62,-14.62,-14.62,-14.62,-14.62,-14.62,-14.62,-14.62,-14.62,-14.62,-14.62,-14.62,-14.62,-14.62,-14.62
37.79,37.79,37.79,37.79,37.79,37.79,37.79,37.79,37.79,37.79,37.79,37.79,37.79,37.79,37.79,37.79,37.79,37.79,37.79,37.79,37.79,37.79,37.79,37.79,37.79,37.79,37.79,37.79,37.79,37.79,37.79,37.79,37.79,37.79,37.79,37.79,37.79,37.79,37.79,37.79,37.79,37.79,37.79,37.79,37.79,37.79,37.79,37.79,37.79,37.79,37.79,37.79,37.79,37.79,37.79,37.79,37.79,37.79,37.79,37.79,37.79,37.79,37.79,37.79,37.79,37.79,37.79,37.79,37.79,37.79
17.46,17.46,17.46,17.46,17.46,17.46,17.46,17.46,17.46,17.46,17.46,17.46,17.46,17.46,17.46,17.46,17.46,17.46,17.46,17.46,17.46,17.46,17.46,17.46,17.46,17.46,17.46,17.46,17.46,17.46,17.46,17.46,17.46,17.46,17.46,17.46,17.46,17.46,17.46,17.46,17.46,17.46,17.46,17.46,17.46,17.46,17.46,17.46,17.46,17.46,17.46,17.46,17.46,17.46,17.46,17.46,17.46,17.46,17.46,17.46,17.46,17.46,17.46,17.46,17.46,17.46,17.46,17.46,17.46,17.46
62.98,62.98,62.98,62.98,62.98,62.98,62.98,62.98,62.98,62.98,62.98,62.98,62.98,62.98,62.98,62.98,62.98,62.98,62.98,62.98,62.98,62.98,62.98,62.98,62.98,62.98,62.98,62.98,62.98,62.98,62.98,62.98,62.98,62.98,62.98,62.98,62.98,62.98,62.98,62.98,62.98,62.98,62.98,62.98,62.98,62.98,62.98,62.98,62.98,62.98,62.98,62.98,62.98,62.98,62.98,62.98,62.98,62.98,62.98,62.98,62.98,62.98,62.98,62.98,62.98,62.98,62.98,62.98,62.98,62.98
-48.82,-48.82,-48.82,-48.82,-48.82,-48.82,-48.82,-48.82,-48.82,-48.82,-48.82,-48.82,-48.82,-48.82,-48.82,-48.82,-48.82,-48.82,-48.82,-48.82,-48.82,-48.82,-48.82,-48.82,-48.82,-48.82,-48.82,-48.82,-48.82,-48.82,-48.82,-48.82,-48.82,-48.82,-48.82,-48.82,-48.82,-48.82,-48.82,-48.82,-48.82,-48.82,-48.82,-48.82,-48.82,-48.82,-48.82,-48.82,-48.82,-48.82,-48.82,-48.82,-48.82,-48.82,-48.82,-48.82,-48.82,-48.82,-48.82,-48.82,-48.82,-48.82,-48.82,-48.82,-48.82,-48.82,-48.82,-48.82,-48.82,-48.82
-41.23,-41.23,-41.23,-41.23,-41.23,-41.23,-41.23,-41.23,-41.23,-41.23,-41.23,-41.23,-41.23,-41.23,-41.23,-41.23,-41.23,-41.23,-41.23,-41.23,-41.23,-41.23,-41.23,-41.23,-41.23,-41.23,-41.23,-41.23,-41.23,-41.23,-41.23,-41.23,-41.23,-41.23,-41.23,-41.23,-41.23,-41.23,-41.23,-41.23,-41.23,-41.23,-41.23,-41.23,-41.23,-41.23,-41.23,-41.23,-41.23,-41.23,-41.23,-41.23,-41.23,-41.23,-41.23,-41.23,-41.23,-41.23,-41.23,-41.23,-41.23,-41.23,-41.23,-41.23,-41.23,-41.23,-41.23,-41.23,-41.23,-41.23
79.46,79.46,79.46,79.46,79.46,79.46,79.46,79.46,79.46,79.46,79.46,79.46,79.46,79.46,79.46,79.46,79.46,79.46,79.46,79.46,79.46,79.46,79.46,79.46,79.46,79.46,79.46,79.46,79.46,79.46,79.46,79.46,79.46,79.46,79.46,79.46,79.46,79.46,79.46,79.46,79.46,79.46,79.46,79.46,79.46,79.46,79.46,79.46,79.46,79.46,79.46,79.46,79.46,79.46,79.46,79.46,79.46,79.46,79.46,79.46,79.46,79.46,79.46,79.46,79.46,79.46,79.46,79.46,79.46,79.46
22.55,22.55,22.55,22.55,22.55,22.55,22.55,22.55,22.55,22.55,22.55,22.55,22.55,22.55,22.55,22.55,22.55,22.55,22.55,22.55,22.55,22.55,22.55,22.55,22.55,22.55,22.55,22.55,22.55,22.55,22.55,22.55,22.55,22.55,22.55,22.55,22.55,22.55,22.55,22.55,22.55,22.55,22.55,22.55,22.55,22.55,22.55,22.55,22.55,22.55,22.55,22.55,22.55,22.55,22.55,22.55,22.55,22.55,22.55,22.55,22.55,22.55,22.55,22.55,22.55,22.55,22.55,22.55,22.55,22.55
-67.19,-67.19,-67.19,-67.19,-67.19,-67.19,-67.19,-67.19,-67.19,-67.19,-67.19,-67.19,-67.19,-67.19,-67.19,-67.19,-67.19,-67.19,-67.19,-67.19,-67.19,-67.19,-67.19,-67.19,-67.19,-67.19,-67.19,-67.19,-67.19,-67.19,-67.19,-67.19,-67.19,-67.19,-67.19,-67.19,-67.19,-67.19,-67.19,-67.19,-67.19,-67.19,-67.19,-67.19,-67.19,-67.19,-67.19,-67.19,-67.19,-67.19,-67.19,-67.19,-67.19,-67.19,-67.19,-67.19,-67.19,-67.19,-67.19,-67.19,-67.19,-67.19,-67.19,-67.19,-67.19,-67.19,-67.19,-67.19,-67.19,-67.19
-17.83,-17.83,-17.83,-17.83,-17.83,-17.83,-17.83,-17.83,-17.83,-17.83,-17.83,-17.83,-17.83,-17.83,-17.83,-17.83,-17.83,-17.83,-17.83,-17.83,-17.83,-17.83,-17.83,-17.83,-17.83,-17.83,-17.83,-17.83,-17.83,-17.83,-17.83,-17.83,-17.83,-17.83,-17.83,-17.83,-17.83,-17.83,-17.83,-17.83,-17.83,-17.83,-17.83,-17.83,-17.83,-17.83,-17.83,-17.83,-17.83,-17.83,-17.83,-17.83,-17.83,-17.83,-17.83,-17.83,-17.83,-17.83,-17.83,-17.83,-17.83,-17.83,-17.83,-17.83,-17.83,-17.83,-17.83,-17.83,-17.83,-17.83
85.77,85.77,85.77,85.77,85.77,85.77,85.77,85.77,85.77,85.77,85.77,85.77,85.77,85.77,85.77,85.77,85.77,85.77,85.77,85.77,85.77,85.77,85.77,85.77,85.77,85.77,85.77,85.77,85.77,85.77,85.77,85.77,85.77,85.77,85.77,85.77,85.77,85.77,85.77,85.77,85.77,85.77,85.77,85.77,85.77,85.77,85.77,85.77,85.77,85.77,85.77,85.77,85.77,85.77,85.77,85.77,85.77,85.77,85.77,85.77,85.77,85.77,85.77,85.77,85.77,85.77,85.77,85.77,85.77,85.77
-39.29,-39.29,-39.29,-39.29,-39.29,-39.29,-39.29,-39.29,-39.29,-39.29,-39.29,-39.29,-39.29,-39.29,-39.29,-39.29,-39.29,-39.29,-39.29,-39.29,-39.29,-39.29,-39.29,-39.29,-39.29,-39.29,-39.29,-39.29,-39.29,-39.29,-39.29,-39.29,-39.29,-39.29,-39.29,-39.29,-39.29,-39.29,-39.29,-39.29,-39.29,-39.29,-39.29,-39.29,-39.29,-39.29,-39.29,-39.29,-39.29,-39.29,-39.29,-39.29,-39.29,-39.29,-39.29,-39.29,-39.29,-39.29,-39.29,-39.29,-39.29,-39.29,-39.29,-39.29,-39.29,-39.29,-39.29,-39.29,-39.29,-39.29
-8.69,-8.69,-8.69,-8.69,-8.69,-8.69,-8.69,-8.69,-8.69,-8.69,-8.69,-8.69,-8.69,-8.69,-8.69,-8.69,-8.69,-8.69,-8.69,-8.69,-8.69,-8.69,-8.69,-8.69,-8.69,-8.69,-8.69,-8.69,-8.69,-8.69,-8.69,-8.69,-8.69,-8.69,-8.69,-8.69,-8.69,-8.69,-8.69,-8.69,-8.69,-8.69,-8.69,-8.69,-8.69,-8.69,-8.69,-8.69,-8.69,-8.69,-8.69,-8.69,-8.69,-8.69,-8.69,-8.69,-8.69,-8.69,-8.69,-8.69,-8.69,-8.69,-8.69,-8.69,-8.69,-8.69,-8.69,-8.69,-8.69,-8.69
68.48,68.48,68.48,68.48,68.48,68.48,68.48,68.48,68.48,68.48,68.48,68.48,68.48,68.48,68.48,68.48,68.48,68.48,68.48,68.48,68.48,68.48,68.48,68.48,68.48,68.48,68.48,68.48,68.48,68.48,68.48,68.48,68.48,68.48,68.48,68.48,68.48,68.48,68.48,68.48,68.48,68.48,68.48,68.48,68.48,68.48,68.48,68.48,68.48,68.48,68.48,68.48,68.48,68.48,68.48,68.48,68.48,68.48,68.48,68.48,68.48,68.48,68.48,68.48,68.48,68.48,68.48,68.48,68.48,68.48
81.28,81.28,81.28,81.28,81.28,81.28,81.28,81.28,81.28,81.28,81.28,81.28,81.28,81.28,81.28,81.28,81.28,81.28,81.28,81.28,81.28,81.28,81.28,81.28,81.28,81.28,81.28,81.28,81.28,81.28,81.28,81.28,81.28,81.28,81.28,81.28,81.28,81.28,81.28,81.28,81.28,81.28,81.28,81.28,81.28,81.28,81.28,81.28,81.28,81.28,81.28,81.28,81.28,81.28,81.28,81.28,81.28,81.28,81.28,81.28,81.28,81.28,81.28,81.28,81.28,81.28,81.28,81.28,81.28,81.28
24.43,24.43,24.43,24.43,24.43,24.43,24.43,24.43,24.43,24.43,24.43,24.43,24.43,24.43,24.43,24.43,24.43,24.43,24.43,24.43,24.43,24.43,24.43,24.43,24.43,24.43,24.43,24.43,24.43,24.43,24.43,24.43,24.43,24.43,24.43,24.43,24.43,24.43,24.43,24.43,24.43,24.43,24.43,24.43,24.43,24.43,24.43,24.43,24.43,24.43,24.43,24.43,24.43,24.43,24.43,24.43,24.43,24.43,24.43,24.43,24.43,24.43,24.43,24.43,24.43,24.43,24.43,24.43,24.43,24.43
9.92,9.92,9.92,9.92,9.92,9.92,9.92,9.92,9.92,9.92,9.92,9.92,9.92,9.92,9.92,9.92,9.92,9.92,9.92,9.92,9.92,9.92,9.92,9.92,9.92,9.92,9.92,9.92,9.92,9.92,9.92,9.92,9.92,9.92,9.92,9.92,9.92,9.92,9.92,9.92,9.92,9.92,9.92,9.92,9.92,9.92,9.92,9.92,9.92,9.92,9.92,9.92,9.92,9.92,9.92,9.92,9.92,9.92,9.92,9.92,9.92,9.92,9.92,9.92,9.92,9.92,9.92,9.92,9.92,9.92
65.31,65.31,65.31,65.31,65.31,65.31,65.31,65.31,65.31,65.31,65.31,65.31,65.31,65.31,65.31,65.31,65.31,65.31,65.31,65.31,65.31,65.31,65.31,65.31,65.31,65.31,65.31,65.31,65.31,65.31,65.31,65.31,65.31,65.31,65.31,65.31,65.31,65.31,65.31,65.31,65.31,65.31,65.31,65.31,65.31,65.31,65.31,65.31,65.31,65.31,65.31,65.31,65.31,65.31,65.31,65.31,65.31,65.31,65.31,65.31,65.31,65.31,65.31,65.31,65.31,65.31,65.31,65.31,65.31,65.31
-51.80,-51.80,-51.80,-51.80,-51.80,-51.80,-51.80,-51.80,-51.80,-51.80,-51.80,-51.80,-51.80,-51.80,-51.80,-51.80,-51.80,-51.80,-51.80,-51.80,-51.80,-51.80,-51.80,-51.80,-51.80,-51.80,-51.80,-51.80,-51.80,-51.80,-51.80,-51.80,-51.80,-51.80,-51.80,-51.80,-51.80,-51.80,-51.80,-51.80,-51.80,-51.80,-51.80,-51.80,-51.80,-51.80,-51.80,-51.80,-51.80,-51.80,-51.80,-51.80,-51.80,-51.80,-51.80,-51.80,-51.80,-51.80,-51.80,-51.80,-51.80,-51.80,-51.80,-51.80,-51.80,-51.80,-51.80,-51.80,-51.80,-51.80
